E__zeichenkette_ende_Z195_notin	1	04	1.4	50cc4b8c1773
E__zeichenkette_ende_Z198_le	1	01	1.5	86229b6d172f
E__zeichenkette_ende_Z198_ge	1	07	1.5	eca869126e0f
E__ohne_kommentare_Z210_le	1	02	1.7	0cdacc9b74c7
E__ohne_kommentare_Z212_notin	1	01	2.0	89b64f147859
B__zeichenkette_ende_Z204	1	73	10.2	414fa122f28a
E__zeichenkette_ende_Z197_le	1	73	10.3	4259ac830618
E__klammer_ende_Z240_notin	1	01	1.6	7cdc87cb62e1
E__klammer_ende_Z255_notin	1	01	1.9	061bd079ca5c
E__klammer_ende_Z257_notin	1	02	1.6	e1369222dcac
B__klammer_ende_Z263	1	72	11.2	d7882a7b8f6a
E__klammer_ende_Z238_le	1	72	10.7	4ebef982688f
E__klammer_ende_Z258_lt	1	71	11.5	ed82d5f70a1b
E__klammer_ende_Z258_gt	1	70	11.3	9c92a3c3f105
H__klammer_ende_Z260	1	06	1.4	7496a74e935c
E__anweisungen_Z269_le	1	01	1.4	b8b6cf20a2b6
E__anweisungen_Z271_notin	1	01	2.0	253a5b06f07d
E__anweisungen_Z274_notin	1	05	2.9	ccb4013466a6
E__anweisungen_Z276_notin	1	02	2.1	6d6d580a4e98
B__klammer_ende_Z259	1	71	12.4	ce122413d6ee
F__anweisungen_Z278_ohne0	1	02	1.6	34aec2713640
F__anweisungen_Z278_ohne1	1	02	1.9	1f35e6893531
H__anweisungen_Z278	1	01	1.9	db1b91c2e687
E__anweisungen_Z278_notin	1	02	1.9	478b25eebf52
E_gradle_baeume_Z296_lt	1	63	9.0	11e4b0e5b9f4
E_gradle_baeume_Z296_gt	1	62	7.9	86d36565a9cd
I_gradle_baeume_Z296_plus1	1	05	1.0	ae12d1e2d886
I_gradle_baeume_Z296_minus1	1	01	1.0	ac6200781cf9
B_gradle_baeume_Z297	1	62	7.3	7212c8cdd7c2
F_gradle_baeume_Z336_ohne1	1	69	8.4	e011e635578d
F_gradle_baeume_Z336_ohne0	1	182	17.7	716a7a6174da
E_gradle_baeume_Z307_le	1	01	1.1	c26cbcfaa9ed
E_gradle_baeume_Z307_ge	1	04	1.2	e73465f32d64
B_gradle_baeume_Z337	1	69	8.2	170d4f6e3b7b
E_gradle_baeume_Z336_lt	1	183	18.9	ff50ed3adc46
I_gradle_baeume_Z336_plus1	1	07	1.1	0fbe52194dd2
I_gradle_baeume_Z336_minus1	1	01	1.2	2224b8edfc2f
E_gradle_baeume_Z336_gt	1	182	18.1	9ad8b727434c
E_gradle_baeume_Z336_gt_2	1	69	11.2	055dce589289
I_gradle_baeume_Z336_plus1_2	1	05	2.0	9acc16b4e842
I_gradle_baeume_Z336_minus1_2	1	08	1.4	8a881b33a8fe
H_gradle_baeume_Z309	1	01	1.4	0693f26a1518
E_gradle_baeume_Z336_lt_2	1	184	21.8	cf5ec542fc9e
B_gradle_baeume_Z310	1	64	5.8	f5e3c59fb971
E_gradle_baeume_Z324_isnot	1	01	1.0	91a3f93eeeb1
F_gradle_baeume_Z313_ohne0	1	01	1.1	50341f1ef4e1
B_gradle_baeume_Z325	1	67	7.9	10487b52cb01
F_gradle_baeume_Z313_ohne1	1	67	7.4	7e22ea1120ee
F_gradle_baeume_Z317_ohne0	1	66	7.0	415c8972b5f8
H_gradle_baeume_Z298	1	62	9.7	42732fbe2500
E_gradle_baeume_Z317_isnot	1	03	2.4	06615f3c77f1
B__klammer_ende_Z253	1	74	134.1	1572a4d43d7a
F_gradle_baeume_Z318_ohne1	1	02	2.5	28e027f3be4b
F_gradle_baeume_Z317_ohne1	1	181	24.8	2bcb89a0e40b
E_gradle_baeume_Z331_notin	1	03	3.9	0e143a3d9025
F_gradle_baeume_Z318_ohne0	1	68	19.7	52156c1a98d7
B_gradle_baeume_Z334	1	27	11.4	c3851c619dbc
H_gradle_baeume_pruefen_Z344	1	02	3.1	59d39e5e5ce7
B_gradle_baeume_Z322	1	65	20.5	85b69bf65a5f
E_gradle_baeume_pruefen_Z350_lt	1	24	9.3	9d9e10232f2b
B_gradle_baeume_pruefen_Z345	1	28	10.3	d4c19ae6a7fd
E__ant_passt_Z371_is	1	-	0.9	bab8bfb3bda2
E__ant_passt_Z374_le	1	-	0.8	52f08d86ac66
E_gradle_baeume_pruefen_Z350_gt	1	26	8.9	c823b4e67121
E__ant_passt_Z376_le	1	-	1.0	3f0ad334c0f0
E__ant_passt_Z376_ge	1	-	0.8	cd0230fc2bb1
F__ant_passt_Z378_ohne0	1	-	0.7	99821f72053c
F__ant_passt_Z378_ohne1	1	-	0.7	d2aa6a7c38e7
F__ant_passt_Z378_ohne2	1	-	0.8	b81a541c1c60
E__ant_passt_Z375_le	1	-	0.6	9aa45673cf49
B_gradle_baeume_pruefen_Z358	1	24	7.7	5813d46cfc24
E__ant_passt_Z378_le	1	-	0.6	f0c74efb6123
E__ant_passt_Z374_ge	0	-	47.4	317847364b14
E__ant_passt_Z370_ge	1	-	0.2	fb8c55ea67d3
E__ant_passt_Z375_ge	0	-	45.2	f9c514fa1abd
E__ant_passt_Z370_le	0	-	44.7	3846dcc2bc8a
E__ant_passt_Z370_ge_2	1	-	0.3	f0a15669bacb
F__auslass_hinweis_Z393_ohne0	1	-	0.3	9e5bfbef2be8
F__auslass_hinweis_Z393_ohne1	1	-	0.2	db5a7982689c
F__auslass_hinweis_Z393_ohne2	1	-	0.3	f3068c0a01a2
F__auslass_hinweis_Z395_ohne0	1	-	0.3	1f956bd68f36
F__auslass_hinweis_Z395_ohne1	1	-	0.2	f3e59ec5ade5
F__auslass_hinweis_Z393_ohne0_2	1	-	0.2	dafdf8995526
F__auslass_hinweis_Z393_ohne1_2	1	-	0.3	a04b3a224599
F__auslass_hinweis_Z393_ohne0_3	1	-	0.2	ae614c44a811
F__auslass_hinweis_Z393_ohne1_3	1	-	0.2	2b9f9d661696
E__auslass_hinweis_Z395_notin	1	-	0.2	eefcbffed09e
H_quelldateien_Z414	1	01	1.5	b7f2165deaab
H_quelldateien_Z427	1	02	1.8	3e671fa8085e
A_quelldateien_Z415	1	20	3.4	1d3153e1a70a
H_quelldateien_Z432	1	01	2.0	eec9a4504b32
A_quelldateien_Z428	1	19	4.4	947fc45c8f81
A_quelldateien_Z433	1	19	3.2	c047637b4693
F_quelldateien_Z436_ohne0	1	21	4.3	5f881efbfe42
A_quelldateien_Z437	1	21	3.3	5c08bf1d77d6
E__ant_passt_Z370_le_2	0	-	21.0	764ab97df964
H_quelldateien_Z436	1	02	1.9	19f60ef9ef21
H_quelldateien_Z436_2	1	02	1.6	3faac1d647c5
F_quelldateien_Z423_ohne0	1	01	1.6	80b71c6604f0
F_quelldateien_Z423_ohne1	1	02	2.2	86f20644041c
H_quelldateien_Z423	1	07	2.0	1e8e6558780a
F_quelldateien_Z430_ohne0	1	19	4.5	4d9089580798
F_quelldateien_Z436_ohne1	1	192	25.5	2209d9fb73c9
E_quelldateien_Z431_in	1	01	2.9	8837d5d0cfe6
E_wurzel_pruefen_Z446_in	1	01	2.7	e1f3b23b545e
F_quelldateien_Z430_ohne1	1	193	28.6	2a5690a18172
H__c_lesen_Z455	1	01	1.4	61ad331a4712
F_quelldateien_Z430_ohne2	1	193	28.2	c63f56b3dfc2
E__c_ohne_kommentare_Z464_le	1	04	1.4	fa6ee1bee030
A_wurzel_pruefen_Z447	1	128	15.6	af10e3fae6fa
E__c_ohne_kommentare_Z466_le	1	07	1.5	aa1338fd34c1
E__c_ohne_kommentare_Z466_ge	1	03	1.7	cc6c42edf231
H__c_ohne_kommentare_Z468	1	06	1.7	02b1f2e18f6a
B__c_lesen_Z456	1	107	15.6	6df4851236f1
B__c_ohne_kommentare_Z469	1	124	20.3	1d3f18128608
E_c_struktur_Z499_lt	1	111	18.0	d1bde8771e08
I_c_struktur_Z499_plus1	1	03	1.8	97bd5d6d2266
I_c_struktur_Z499_minus1	1	02	1.5	50998084303a
E_c_struktur_Z499_gt	1	110	16.9	411df394c79a
H_c_struktur_Z504	1	05	1.8	debf5c954fb0
H_c_struktur_Z507	1	01	1.7	6d9da4dce3d0
B_c_struktur_Z500	1	110	15.2	569c51784845
H_c_struktur_Z511	1	05	1.4	1bb7788682ec
B_c_struktur_Z508	1	112	13.2	94d7edcf81ab
B_c_struktur_Z512	1	113	12.1	709ac70e6d14
B__c_werte_Z546	1	115	12.7	12b72ad1775f
H__c_werte_Z530	1	02	1.7	c3d27a16028c
E__c_werte_Z525_le	1	115	13.5	ab7b14083435
H__c_werte_Z540	1	02	1.7	016fa05819e3
E__c_werte_Z542_is	1	08	1.7	596264627948
E__c_werte_Z544_is	1	02	1.8	4196a4dec23a
B__c_werte_Z531	1	114	14.2	4023631cffd7
E_c_tabelle_Z554_lt	1	126	16.2	7991d46637c1
I_c_tabelle_Z554_plus1	1	01	1.2	8f2d224b641d
E_c_tabelle_Z554_gt	1	127	14.1	f51c64b221b8
I_c_tabelle_Z554_minus1	1	05	1.4	ca011cfd045d
H_c_tabelle_Z559	1	08	1.4	79b2222cbd05
B_c_tabelle_Z555	1	127	14.5	721e022164a0
B_c_tabelle_Z560	1	116	13.7	28c864531818
E_c_tabelle_Z562_gt	1	103	17.3	7e6c3b012470
E_c_tabelle_Z562_lt	1	152	22.4	4ef76fc27c47
H_c_tabelle_Z567	1	01	1.4	869f12616549
B__c_ohne_kommentare_Z476	1	125	140.4	49c6c6a32daf
B_c_tabelle_Z563	1	103	12.1	bec40ea2b766
E_c_tabelle_Z569_ge	1	01	1.3	359c5dfdfcd8
F_c_tabelle_Z574_ohne0	1	01	1.5	afd0d4d8b8e0
F_c_tabelle_Z574_ohne1	1	05	1.7	f2ad40e99340
E_c_tabelle_Z573_le	1	01	1.6	20cbbcd64cd0
B_c_tabelle_Z568	1	117	12.8	9192989fb6ac
E_c_tabelle_Z574_notin	1	02	1.4	0b65f479456a
B_c_tabelle_Z570	1	105	13.9	5367e762b22d
F_c_tabelle_Z576_ohne0	1	118	14.7	b3bd1f1063e6
F_c_tabelle_Z576_ohne1	1	119	15.8	5762b31327fc
E_c_tabelle_Z575_isnot	1	02	2.0	f095b9594604
H_c_tabelle_Z576	1	01	1.8	8f5388453136
B_c_tabelle_Z577	1	119	16.9	3d450ff5254a
E_c_tabelle_Z576_gt	1	119	19.5	c28cdda85c5b
F_c_tabelle_Z580_ohne0	1	120	18.7	77239b618f0a
F_c_tabelle_Z580_ohne1	1	121	17.5	6c1a4d2a09d3
H_c_tabelle_Z585	1	01	1.7	58590cce2d61
B_c_tabelle_Z581	1	120	15.9	4a5ca0beb76c
F_c_tabelle_Z580_ohne2	1	122	16.7	d72f84dde8c5
E_c_tabelle_Z579_isnot	1	06	2.1	1e1c30884f49
H_c_tabelle_Z580	1	05	2.2	f9562855f7c7
E_c_tabelle_Z580_ge	1	04	1.9	01cbb4bed680
H_c_tabelle_Z580_2	1	02	1.6	423040d6a7b6
E_c_tabelle_Z584_isnot	1	06	1.4	58e0ccd968e0
H_tuer_soll_Z610	1	08	1.4	1b6ab639848c
B_c_tabelle_Z586	1	123	15.6	7ef52000017f
B_tuer_soll_Z623	1	104	16.0	376283bc8788
F_tuer_soll_Z633_ohne0	1	109	17.3	080902729bd2
B_tuer_soll_Z611	1	189	28.3	c4c28ab9ec4b
F_tuer_soll_Z633_ohne1	1	108	18.2	77d07c4745ca
B_tuer_soll_Z634	1	109	18.4	e5b2e27dafc9
E_tuer_soll_Z640_le_op1	1	102	14.2	909affef8a9d
E_tuer_soll_Z640_lt_op0	1	150	20.7	e7e3b0f745d8
H_tuer_soll_Z657	1	03	1.3	beedda64c79d
A_tuer_soll_Z643	1	102	12.8	51f1d61dcff8
E_tuer_soll_Z665_le	1	02	1.2	781de60c165b
E_tuer_soll_Z668_isnot	1	05	1.6	c3d5fd749c32
H_tuer_soll_Z670	1	03	2.6	66f29d23c00c
H_tuer_soll_Z633	1	02	1.6	ca7753301678
E_tuer_soll_Z633_notin	1	05	1.2	22f4253cec72
F_tuer_soll_Z652_ohne0	1	03	1.5	556f6d4e7295
F_tuer_soll_Z652_ohne1	1	01	1.9	d946354e25ca
E_tuer_soll_Z659_ge	1	01	1.5	2419a49feffd
E_tuer_soll_Z672_ge	1	01	2.3	b3d08b2f4390
A_tuer_soll_Z660	1	100	13.0	e541297eaa96
E_tuer_soll_Z621_in	1	02	1.7	14118df68618
A_tuer_soll_Z673	1	101	13.8	7b96a79c67fc
E_tuer_soll_Z665_ge	0	-	22.5	1c1e1a3bc01e
E_tuer_soll_Z652_ge	1	02	2.1	e0d422212d7c
E_tuer_soll_Z652_le_2	1	02	2.2	69bb3c08792b
E_tuer_soll_Z652_ge_2	1	02	2.1	1afa2f48f684
E_tuer_soll_Z652_le	1	98	14.0	1d59ac8875b8
E_tuer_soll_Z661_lt	1	99	13.8	96e26cc79f1a
E_tuer_soll_Z648_le	1	03	1.7	839fefce54fb
E_tuer_soll_Z648_ge	1	02	2.3	d730bfa54712
E_tuer_soll_Z661_gt	1	151	18.5	b3387ee183d5
A_tuer_soll_Z663	1	99	12.0	a4c99a891a76
H_tueren_pruefen_Z697	1	02	2.1	e99a0248fd1f
A_tueren_pruefen_Z715	1	89	11.8	98dd471cdf1b
A_tueren_pruefen_Z698	1	90	12.5	7d5b0d16d967
F_tueren_pruefen_Z702_ohne0	1	145	19.6	de47ab9e3193
F_tueren_pruefen_Z702_ohne1	1	93	14.2	146aa7641008
F_tueren_pruefen_Z702_ohne2	1	92	14.8	e1f6a3fc3804
A_tueren_pruefen_Z703	1	87	27.4	dc41a1349a5f
E_tueren_pruefen_Z702_lt	1	146	44.9	cea2874baf9a
E_tueren_pruefen_Z702_gt	1	145	42.1	280dfee67b8a
E_tueren_pruefen_Z702_ge	1	01	2.2	ba089d62fa03
E_tueren_pruefen_Z702_lt_2	1	147	27.7	ad019a8144d8
E_tueren_pruefen_Z702_gt_2	1	93	10.0	9bcfed023d40
E_tueren_pruefen_Z709_lt	1	88	10.8	ca453a9b8a99
A_tueren_pruefen_Z710	1	88	13.5	720dc2642191
E_tueren_pruefen_Z709_gt	1	148	19.7	b6b8fe0dbe73
H_paket_pruefen_Z748	1	130	42.5	b319fb59bc15
B_paket_pruefen_Z749	1	135	51.5	f4ae6872da34
H_paket_pruefen_Z756	1	132	49.6	cbb17095ead5
A_paket_pruefen_Z757	1	130	30.5	7cc6cd34cea6
E_paket_pruefen_Z761_gt	1	132	23.4	c622574dd97b
E_paket_pruefen_Z761_lt	1	185	28.9	4ace38c6e50a
A_paket_pruefen_Z762	1	132	17.8	22aeebc41add
E__sammler_Z815_in	1	04	1.8	aaf29a973df0
E_paket_pruefen_Z772_in	1	129	12.7	9a13118e7318
A_paket_pruefen_Z773	1	131	13.5	be86042c83e5
E_zip_verzeichnis_Z901_gt	1	59	8.5	37402b1e19fa
E__befunde_ausgeben_Z832_ge	1	188	20.0	383299dfee29
F_zip_verzeichnis_Z864_ohne0	1	22	3.5	7a766f771f55
B_zip_verzeichnis_Z902	1	59	7.2	ffbc55716cf7
E_zip_verzeichnis_Z901_lt	1	194	19.7	db20dc5516bf
E_zip_verzeichnis_Z871_ge	1	02	1.4	8ee6e0c60b32
B_zip_verzeichnis_Z865	1	22	3.2	94b0cc98b08e
I_zip_verzeichnis_Z871_minus1	1	07	1.1	2f547b584a23
F_zip_verzeichnis_Z864_ohne1	1	54	6.2	0d030689b8d1
E_zip_verzeichnis_Z874_le	1	01	1.5	860e3cfefea8
I_zip_verzeichnis_Z874_plus1	1	03	1.6	d99a997172de
I_zip_verzeichnis_Z871_plus1	1	55	9.6	69538c25c270
B_zip_verzeichnis_Z872	1	55	23.8	58d42a7de145
I_zip_verzeichnis_Z874_minus1	1	79	51.0	6ae0254aed8a
B_zip_verzeichnis_Z875	1	79	57.2	d2423fd3f6a5
E_zip_verzeichnis_Z878_gt	1	84	40.1	6effadbf6d7f
B_zip_verzeichnis_Z879	1	84	30.9	7a58db268e90
E_zip_verzeichnis_Z882_le	1	03	1.2	97eb604c96c1
E_zip_verzeichnis_Z882_ge	1	06	1.0	4ed583f76f66
E_zip_verzeichnis_Z878_lt	1	190	74.5	8ce9b4df8516
F_zip_verzeichnis_Z883_ohne1	1	56	7.3	f5972678e154
F_zip_verzeichnis_Z883_ohne0	1	143	16.5	d46f9fd8106c
F_zip_verzeichnis_Z883_ohne2	1	179	20.5	71140858abb7
F_zip_verzeichnis_Z883_ohne3	1	140	15.9	4810675eac84
B_zip_verzeichnis_Z885	1	56	8.0	4baa19ff0f0a
F_zip_verzeichnis_Z883_ohne4	1	141	15.9	83e8cd0481db
E_zip_verzeichnis_Z887_ge	1	01	1.1	4be00020573d
F_zip_verzeichnis_Z883_ohne5	1	142	15.8	088115bec13a
B_zip_verzeichnis_Z888	1	58	7.5	8efacbaf9ea8
F_zip_verzeichnis_Z894_ohne1	1	57	8.7	b686f5b3f9e3
B_zip_verzeichnis_Z895	1	57	7.8	6fddcd928824
F_zip_verzeichnis_Z894_ohne0	1	144	16.0	6009e33bb361
I_zip_verzeichnis_Z864_minus1	1	22	4.3	56db2706e315
E_zip_verzeichnis_Z864_le_2	1	01	3.9	f54fed91f705
E_zip_verzeichnis_Z883_notin	1	07	3.3	36f9d39fc027
I_zip_verzeichnis_Z883_plus1	1	56	16.4	57f9ba7d23a5
E_zip_verzeichnis_Z864_le	1	191	34.6	d1a72d6ad5df
I_zip_verzeichnis_Z864_plus1	1	191	34.5	78e23ea7ec4f
I_zip_verzeichnis_Z883_minus1	1	56	5.5	fb98bcad4f1b
E_zip_verzeichnis_Z883_notin_2	1	03	1.1	20bf5db76610
I_zip_verzeichnis_Z883_minus1_2	1	179	19.5	cd60235c90a8
I_zip_verzeichnis_Z883_plus1_2	1	179	20.2	d968985bfaa5
E_zip_verzeichnis_Z884_lt	1	195	21.0	471de1c33bc8
E_zip_verzeichnis_Z894_lt	1	57	7.8	36f89ef2e169
E_zip_verzeichnis_Z884_gt	1	142	14.8	ad1bd82d3d76
E__name_fehler_Z910_notin	1	07	1.6	8c60d334eb08
E_zip_verzeichnis_Z894_ge	1	196	19.3	fbbc0e79be82
C__name_fehler_Z911	1	40	4.7	bb17b0a86041
E__name_fehler_Z916_notin	1	01	1.3	f6f92f37a7e5
C__name_fehler_Z917	1	39	4.9	dbc45b090bae
C__name_fehler_Z920	1	42	4.8	bc75af7b06eb
E_zip_verzeichnis_Z894_gt	1	197	17.8	248c97ebc6e7
F__name_fehler_Z922_ohne0	1	43	5.4	2730f1d605c2
C__name_fehler_Z923	1	43	6.1	f54d219e32e1
E__name_fehler_Z922_notin	1	07	1.5	eb2b96480547
C__name_fehler_Z915	1	41	5.3	0cd97672f2eb
F__name_fehler_Z919_ohne0	1	42	5.1	2225c822f1b9
F__name_fehler_Z922_ohne1	1	158	15.6	61fa56a1db2b
E__name_fehler_Z919_le	1	01	1.6	1eabe0dcf69a
I__name_fehler_Z919_plus1	1	03	1.8	32d2f3144036
E__name_fehler_Z919_le_2	1	01	1.4	a541f350632f
E__name_fehler_Z919_ge	1	02	1.9	d9d31b0493a8
F__name_fehler_Z919_ohne1	1	156	14.5	e0eab4965936
I__name_fehler_Z919_minus1_2	1	03	2.0	a3731de1ed1b
E__name_fehler_Z922_notin_2	1	02	1.2	7dad1bd054a6
I__name_fehler_Z919_minus1	1	155	14.7	f0e4c9dd9f0e
A_struktur_pruefen_Z934	1	39	4.5	5a9664537d4d
I__name_fehler_Z919_plus1_2	1	156	14.6	ab53a7469847
F_struktur_pruefen_Z940_ohne1	1	47	7.2	6ebdae256874
A_struktur_pruefen_Z941	1	47	6.7	e6718f05f4ea
E_struktur_pruefen_Z945_lt	1	46	6.0	105ae6cd8637
F_struktur_pruefen_Z940_ohne0	1	169	17.6	90614f81e384
A_struktur_pruefen_Z946	1	46	6.6	cb5bb4edb263
A_struktur_pruefen_Z952	1	80	9.3	8f6789a70d4c
E_struktur_pruefen_Z957_lt	1	45	6.3	3e61f03929fe
E_struktur_pruefen_Z945_gt	1	170	18.2	f80c0c5d8693
E_struktur_pruefen_Z957_gt	1	44	14.8	c27d3d1b868c
G_struktur_pruefen_Z957_ohne0	1	44	16.5	28a1004f8f4f
G_struktur_pruefen_Z957_ohne2	1	45	10.4	fd7e1c28589e
A_struktur_pruefen_Z958	1	45	8.4	a611723cf201
E_struktur_pruefen_Z964_ge	1	03	1.7	a1ed134f4cc9
G_struktur_pruefen_Z957_ohne1	1	173	31.3	60ee0e68d150
A_struktur_pruefen_Z965	1	50	7.6	fdeb481926a4
A_struktur_pruefen_Z969	1	48	7.3	a8b93a878722
E_struktur_pruefen_Z971_in	1	08	1.5	88010d3cbc15
E_struktur_pruefen_Z977_ge	1	01	2.0	fc9f926a8ef1
I_struktur_pruefen_Z977_minus1	1	03	2.0	b1c94321c5e4
I_struktur_pruefen_Z977_plus1	1	13	3.3	a3b470d207b4
E_struktur_pruefen_Z940_le	1	08	2.0	91670138c1b7
A_struktur_pruefen_Z972	1	49	7.5	f59146d6ccc2
A_struktur_pruefen_Z978	1	13	3.3	14c1a50bbbcd
H__eintrag_lesen_Z990	1	01	2.1	64c5c655d798
E__eintrag_lesen_Z993_ge	1	01	2.4	cf74cef316ae
E_struktur_pruefen_Z940_lt	1	47	8.1	e6e2ae60e355
E__eintrag_lesen_Z997_is	2	-	0.5	e541ecf5e3b9
E__eintrag_lesen_Z1016_is	1	07	2.5	fbc5026e42e5
B__eintrag_lesen_Z994	1	75	13.3	04cba02ddaa0
H__eintrag_lesen_Z1006	1	05	2.0	0c8441266e41
B__eintrag_lesen_Z1022	1	60	10.9	b262ae3f20e5
E__eintrag_lesen_Z1010_isnot	2	-	0.3	a566fb412532
E_struktur_pruefen_Z940_gt	1	198	26.5	079b75d552a9
F__eintrag_lesen_Z1018_ohne1	1	52	7.4	578ca2c6a2a2
B__eintrag_lesen_Z1019	1	52	23.9	d1a3393b8521
F__eintrag_lesen_Z1018_ohne0	1	180	36.6	43cf72e509bc
E__eintrag_lesen_Z1023_is	1	05	5.9	dad242246894
H__eintrag_lesen_Z1018	1	03	6.5	e997008fdc33
F__eintrag_pruefen_Z1033_ohne0	1	12	14.7	528b86c96d82
F__eintrag_pruefen_Z1033_ohne1	1	78	51.4	3936a4e30bf7
A__eintrag_pruefen_Z1034	1	12	13.1	b05b18d11b8e
H__eintrag_lesen_Z1020	1	180	101.6	4fec3ffc544c
A__eintrag_pruefen_Z1031	1	52	28.6	978e65dcdc60
E__eintrag_pruefen_Z1033_lt	1	12	11.1	2544b0895716
E__eintrag_pruefen_Z1033_gt	1	199	87.3	7c61580e84b8
E__eintrag_pruefen_Z1033_lt_2	0	-	85.2	5f9703df5042
E__eintrag_pruefen_Z1033_gt_2	1	77	47.1	30de02e822f0
E_manifest_pruefen_Z1061_ge	1	138	62.1	ecb217212731
A_manifest_pruefen_Z1062	1	139	22.1	347941a7ff09
A_manifest_pruefen_Z1065	1	15	2.7	114226228764
H_manifest_pruefen_Z1110	1	01	1.2	25fe07690e76
A_manifest_pruefen_Z1111	1	38	4.3	8c50873d7c6b
A_manifest_pruefen_Z1070	1	35	3.2	a196bbc6809e
H_manifest_pruefen_Z1081	1	08	1.2	2de02e8d21ba
A_manifest_pruefen_Z1084	1	36	3.7	9990097af6fa
E_manifest_pruefen_Z1087_in	1	03	1.2	ca3ab65f9648
A_manifest_pruefen_Z1088	1	17	2.2	9cd6b97d6914
H_manifest_pruefen_Z1092	1	01	1.2	7e2ecd5433ea
A_manifest_pruefen_Z1093	1	34	3.8	7df87deb9beb
F_manifest_pruefen_Z1096_ohne0	1	161	15.0	c08995c18d82
F_manifest_pruefen_Z1096_ohne1	1	18	2.4	f73da7902dd2
A_manifest_pruefen_Z1097	1	18	3.0	8df16a5be9bd
E_manifest_pruefen_Z1100_le	1	160	12.4	a0a7d0279e0a
E_manifest_pruefen_Z1100_ge	1	03	1.0	3eedd5978530
A_manifest_pruefen_Z1101	1	37	3.2	d504799f4dc2
E_manifest_pruefen_Z1103_notin	1	02	1.0	1b821f043630
A_manifest_pruefen_Z1104	1	33	2.8	5baa56de66a0
E_manifest_pruefen_Z1116_lt	1	14	1.8	3d1509c2d6b3
E_manifest_pruefen_Z1116_gt	1	163	20.6	20528a3c850d
G_manifest_pruefen_Z1116_ohne0	1	14	7.8	459da9274006
G_manifest_pruefen_Z1116_ohne1	1	162	16.5	c022c150ae42
H__sha_datei_Z1045	1	02	241.7	253fa37d92a1
E_manifest_pruefen_Z1121_in	1	01	1.4	e844d0b804c6
A_manifest_pruefen_Z1117	1	14	2.1	e4924edd9489
E_manifest_pruefen_Z1129_in	1	02	1.3	abd53e747d70
A_manifest_pruefen_Z1122	1	32	3.9	fdab155c8c79
A_manifest_pruefen_Z1130	1	09	2.2	e945d8a4dd98
E_manifest_pruefen_Z1096_notin	1	08	1.4	625076f85425
E_manifest_pruefen_Z1124_gt	1	08	1.8	ec731ce416a9
A_manifest_pruefen_Z1125	1	08	1.8	551467530ac1
E_manifest_pruefen_Z1096_notin_2	1	01	1.5	9e2d23ff63b7
H_pruefen_Z1147	1	06	0.9	dec38cdd25b5
E_manifest_pruefen_Z1124_lt	1	76	7.5	16b18e6da3c1
E_pruefen_Z1254_is	1	16	2.8	65bdadef1d97
B_pruefen_Z1148	1	23	2.9	17fd383142ec
E_pruefen_Z1222_isnot	1	08	1.7	4ceda876a1ff
A_pruefen_Z1223	1	16	2.6	f96439edac5a
H_pruefen_Z1161	1	02	1.1	be485e47d955
E_pruefen_Z1181_isnot	1	01	1.5	abc7f2389a7c
A_pruefen_Z1183	1	04	1.6	3a78675abeed
H_pruefen_Z1186	1	01	1.5	b05a82cc96eb
A_pruefen_Z1164	1	53	6.3	42ba00f2f612
E_pruefen_Z1189_gt	1	11	2.4	204620b7e37c
A_pruefen_Z1190	1	11	2.8	cdb8af841997
E_pruefen_Z1195_isnot	1	05	1.5	0ae72dd5770e
E_pruefen_Z1200_lt	1	31	4.3	7d7bd25382ba
E_pruefen_Z1200_gt	1	05	1.4	823de0ff17ba
E_pruefen_Z1189_lt	1	165	14.7	fb405e58a08c
A_pruefen_Z1201	1	05	1.5	3b867a147ead
E_pruefen_Z1211_isnot	1	08	1.6	e1406ab0235b
F_pruefen_Z1216_ohne0	1	01	1.4	3a1d9e2ef4ac
F_pruefen_Z1216_ohne1	1	01	1.3	06781cd8437a
A_pruefen_Z1217	1	06	1.2	7b5a324d5707
F_pruefen_Z1225_ohne1	1	201	18.6	388be9f280eb
F_pruefen_Z1225_ohne0	1	202	19.2	08642730a557
E_pruefen_Z1216_lt	1	07	1.5	199dc1cc8efe
E_pruefen_Z1216_in	1	03	1.5	ee19db909209
E_pruefen_Z1225_in	1	08	1.9	bb57f584f5cd
E_pruefen_Z1249_notin	1	01	1.6	dd283d29b7a7
E_pruefen_Z1250_notin	1	01	1.6	627b7e11d240
E_pruefen_Z1176_is	1	04	1.4	fd2b26237bb6
F_pruefen_Z1210_ohne0	1	39	3.8	718619e3a74e
E_pruefen_Z1216_gt	1	166	13.9	e40d702b60c2
F_pruefen_Z1210_ohne1	1	12	2.0	9689071a2f9d
E_pruefen_Z1210_in	1	12	2.0	5d08be56f17c
E_pruefen_Z1227_lt	1	01	1.2	867c170aa979
E_pruefen_Z1252_is	1	01	2.0	fe9eab0b1c44
E_pruefen_Z1252_is_2	1	01	2.2	06a16593516b
E_pruefen_Z1253_notin	1	01	4.3	d692be03b407
D1_U3_nur_erster_block	1	-	1.1	61bd6212745f
D2_U4_crc32_statt_sha256	1	31	14.2	c8f1b66dd32d
D3_offset_aus_zentralverzeichnis	1	05	1.8	21fe7f4e7f51
E_pruefen_Z1227_gt	1	166	30.6	cf1e704b326c
D4_namen_wie_zipfile	1	39	5.5	eff3b36c8bcb
D6_manifest_cr_bleibt	1	02	1.9	f07655b9e0b5
D5_lfh_nur_name	1	44	5.3	6210e66e3091
D8_nur_laenge_statt_crc	1	12	2.7	3c9efed28204
D7_deflate_ende_egal	1	52	6.7	f39d22b76d45
D9_eocd_von_vorn	1	61	9.3	b72442a313de
D11_zentralverzeichnis_rest_egal	1	59	9.1	78a9dd847096
D13_doppelte_namen_egal	1	13	4.0	c18e7207e5ed
D14_nur_stored_gelesen	1	01	2.2	e2ff96ba81ee
D12_lage_egal	1	50	8.2	10a9d423a6d2
D16_sha_nur_quelle_ganz	1	29	5.0	344ef42d9d1d
D15_nicht_assets_nicht_gelesen	1	51	6.8	cd0b492d5b5b
D17_manifest_nur_kopf	1	08	1.2	6d9f351b4c4d
D18_zusatz_nur_ausserhalb_assets	1	07	1.3	8959db168074
DM14a_dd_nur_aus_cd	1	81	9.1	d7adcfa1fd93
DM14b_dd_nur_aus_lfh	1	80	8.7	6bdf8b4a51a0
DM16a_nicht_assets_nur_stored	1	51	6.5	e6087bbaec24
DM14c_dd_nur_wenn_beide	1	80	8.6	5417436aa6a0
DM16b_nicht_assets_nur_deflate	1	78	10.5	4857aa7dc225
DV1_verschluesselt_nur_cd	1	175	22.5	b87689aae9b2
DV2_verschluesselt_nur_lfh	1	176	23.9	46c0ac3d95bc
DV3_verschluesselt_nur_bit0	1	177	19.0	0b3faabd354e
DP1_paket_nur_groesse	1	132	13.0	e3ac8f049438
DT2_tuer_fnv_ueber_erste_block	1	02	2.0	a9770d216e7d
DT3_griff_ohne_rueckfall	1	03	1.8	c33774b610cd
DT1_tuer_ohne_fnv	1	88	9.4	2d8fade0be8d
DT4_griff_ohne_fuer_eigen	1	01	1.3	9f5a963e432b
DT6_zusatzdateien_egal	1	89	9.0	a3abf71f8026
DT5_basis_nicht_verlangt	1	98	9.9	c15dc661e224
DK1_kopf_mit_unicode_ziffern	1	85	9.8	568195c70fea
DW1_wurzel_egal	1	128	12.7	c74de0cc9540
DZ1_praefix_egal	1	84	6.5	f8d43b7b3f65
B__eintrag_lesen_Z1008	-9	-	900.3	0c90cb0b8ad0
