room,slot,rdt_off,sce,dest,partner,rect_x,rect_z,rect_w,rect_d,welt_x,welt_z,ausgang_ncdir,ausgang_next,ankunft_ncdir,ankunft_spawn,achse_a_rect,achse_b_sca,achse_c_yaw,achse,sca_wand_richtung,sca_wand_abstand,yaw_abw,auswaerts_karte,auswaerts_quelle,seite,rect,karte_heute_x,karte_heute_y,kind_heute,kind_soll,karte_neu_x,karte_neu_y,karte_snap_x,karte_snap_y,snap_px,lage
1000,0,0x0bbe,2,1050,1050#3,22350,-14400,1000,2000,22850,-13400,0,"14700,-13500",2048,"21850,-13400",Z,Z,Z,Z,+X,950,0,"1,0",yaw,2,7,177,112,2,2,179,107,179,107,0,Wandlinie
1000,1,0x0bde,2,1050,1050#2,1200,-900,1000,2000,1700,100,0,"14700,6100",2048,"650,50",Z,Z,Z,Z,+X,950,0,"1,0",yaw,2,7,177,107,2,2,179,103,179,103,0,Wandlinie
1000,2,0x0bfe,2,1050,1050#1,1200,2200,1000,2000,1700,3200,0,"14700,9150",2048,"650,3250",Z,Z,Z,Z,+X,950,0,"1,0",yaw,2,7,177,102,2,2,179,99,179,99,0,Wandlinie
1010,0,0x08ae,2,1020,1020#1,4150,5900,1000,2000,4650,6900,2695,"-4000,-18000",2048,"3650,6900",Z,Z,Z,Z,+X,950,0,"1,0",yaw,,,,,,2,,,,,,
1010,1,0x08ce,2,1020,1020#0,4150,-4950,1000,2000,4650,-3950,2048,"-3785,-7412",2048,"3650,-3950",Z,Z,Z,Z,+X,950,0,"1,0",yaw,,,,,,2,,,,,,
1020,0,0x1c82,2,1010,1010#1,-3500,-8400,1500,2300,-2750,-7250,2048,"3650,-3950",2048,"-3785,-7412",Z,Z,Z,Z,+X,950,0,"1,0",yaw,2,3,197,114,2,2,193,114,196,114,3,Wandlinie
1020,1,0x1ca2,2,1010,1010#0,-3700,-19600,1500,2300,-2950,-18450,2048,"3650,6900",2695,"-4000,-18000",Z,Z,,Z,+X,1200,377,"1,0",sca,2,3,197,132,2,2,193,130,196,130,3,Wandlinie
1020,2,0x1cc2,2,1040,1040#3,-27900,-9300,1500,2200,-27150,-8200,2048,"-24000,16500",0,"-25883,-8767",Z,Z,Z,Z,-X,800,0,"-1,0",yaw,2,3,148,115,2,2,148,115,145,115,3,Wandlinie
1030,0,0x1c6a,2,1050,1050#0,1500,-13800,1500,2200,2250,-12700,2048,"20600,12350",2048,"1172,-12558",Z,Z,Z,Z,+X,1250,0,"1,0",yaw,,,,,,2,,,,,,
1030,1,0x1c8a,2,1070,1070#0,-16900,-4900,1500,2200,-16150,-3800,0,"160,6145",2048,"-18000,-3500",Z,Z,Z,Z,+X,1600,0,"1,0",yaw,,,,,,2,,,,,,
1030,2,0x1caa,2,1040,1040#1,-27500,-4700,1200,2100,-26900,-3650,2048,"-20083,-3559",0,"-26214,-3861",Z,Z,Z,Z,-X,550,0,"-1,0",yaw,,,,,,2,,,,,,
1040,0,0x1096,2,1080,1080#0,-22936,-11000,2300,1400,-21786,-10300,1024,"-13650,-900",1024,"-21936,-11000",X,X,X,X,+Z,800,0,"0,-1",yaw,,,,,,0,,,,,,
1040,1,0x10b8,2,1030,1030#2,-20400,-4900,1500,2200,-19650,-3800,0,"-26214,-3861",2048,"-20083,-3559",Z,Z,Z,Z,+X,500,0,"1,0",yaw,,,,,,2,,,,,,
1040,2,0x10d8,2,1060,1060#2,-20400,-14100,1500,2200,-19650,-13000,2048,"26000,25300",2112,"-21008,-13134",Z,Z,Z,Z,+X,1400,64,"1,0",yaw,,,,,,2,,,,,,
1040,3,0x10f8,2,1020,1020#2,-24300,15600,1500,2200,-23550,16700,0,"-25883,-8767",2048,"-24000,16500",Z,Z,Z,Z,+X,300,0,"1,0",yaw,,,,,,2,,,,,,
1050,0,0x0ada,2,1030,1030#0,21150,11350,1000,2000,21650,12350,2048,"1172,-12558",2048,"20600,12350",Z,Z,Z,Z,+X,1000,0,"1,0",yaw,,,,,,2,,,,,,
1050,1,0x0afa,2,1000,1000#2,13200,8200,1000,2000,13700,9200,2048,"650,3250",0,"14700,9150",Z,Z,Z,Z,-X,1000,0,"-1,0",yaw,,,,,,2,,,,,,
1050,2,0x0b1a,2,1000,1000#1,13200,5100,1000,2000,13700,6100,2048,"650,50",0,"14700,6100",Z,Z,Z,Z,-X,1000,0,"-1,0",yaw,,,,,,2,,,,,,
1050,3,0x0b3a,2,1000,1000#0,13200,-14450,1000,2000,13700,-13450,2048,"21850,-13400",0,"14700,-13500",Z,Z,Z,Z,-X,1000,0,"-1,0",yaw,,,,,,2,,,,,,
1050,4,0x0b5a,2,10A0,10A0#0,16700,-14700,1000,2000,17200,-13700,2048,"26200,24800",2048,"16100,-13700",Z,Z,Z,Z,+X,1100,0,"1,0",yaw,,,,,,2,,,,,,
1050,5,0x0b7a,2,1090,1090#0,18100,-23900,3500,1000,19850,-23400,3072,"-10100,4200",3072,"19850,-22300",X,X,X,X,-Z,1100,0,"0,1",yaw,,,,,,0,,,,,,
1060,0,0x0d12,2,1120,1120#0,26600,24300,1000,2200,27100,25400,0,"150,9550",2048,"26000,25300",Z,Z,Z,Z,+X,900,0,"1,0",yaw,2,9,122,138,2,2,118,136,118,136,0,Wandlinie
1060,1,0x0d32,2,10C0,10C0#0,26600,24300,1000,2200,27100,25400,0,"300,9550",2048,"26000,25300",Z,Z,Z,Z,+X,900,0,"1,0",yaw,2,9,122,138,2,2,118,136,118,136,0,Wandlinie
1060,2,0x0d52,2,1040,1040#2,26600,24300,1000,2200,27100,25400,2112,"-21008,-13134",2048,"26000,25300",Z,Z,Z,Z,+X,900,0,"1,0",yaw,2,9,122,138,2,2,118,136,118,136,0,Wandlinie
1070,0,0x145e,2,1030,1030#1,-140,5100,1400,2200,560,6200,2048,"-18000,-3500",0,"160,6145",Z,Z,Z,Z,+X,50,0,"-1,0",yaw,2,0,180,136,2,2,180,130,180,130,,ausserhalb
1080,0,0x0482,2,1040,,0,0,0,0,0,0,1024,"-21936,-11000",,,,,,,,,,,,,,,,,,,,,,,
1080,1,0x04a2,2,10C0,,0,0,0,0,0,0,3072,"1450,7300",,,,,,,,,,,,,,,,,,,,,,,
1080,2,0x04c2,2,1120,,0,0,0,0,0,0,3072,"1300,7300",,,,,,,,,,,,,,,,,,,,,,,
1090,0,0x211a,2,1050,1050#5,-12430,2260,4700,1600,-10080,3060,3072,"19850,-22300",3072,"-10100,4200",X,Z,X,X,+X,50,0,"0,1",yaw,2,1,123,93,2,0,123,91,123,91,,Innenflaeche
1090,1,0x213a,2,1100,,-7920,-21440,4200,5500,-5820,-18690,1024,"-20900,-10336",,,Z,X,,X,+Z,100,,"0,-1",sca,2,1,132,132,0,0,132,125,132,125,0,Wandlinie
10A0,0,0x0db2,2,1050,1050#4,26700,23900,700,2000,27050,24900,2048,"16100,-13700",2048,"26200,24800",Z,X,Z,Z,-Z,450,0,"1,0",yaw,2,9,122,138,2,2,116,137,118,137,2,Wandlinie
10A0,1,0x0dda,2,1180,1180#1,20250,26000,2000,700,21250,26350,3072,"-358,-6536",1024,"21200,25500",X,X,X,X,+Z,800,0,"0,-1",yaw,2,9,113,136,0,0,110,136,110,134,2,Wandlinie
10A0,1,0x0dfe,2,1230,1230#1,20250,26000,2000,700,21250,26350,3072,"-358,-6536",1024,"21200,25500",X,X,X,X,+Z,800,0,"0,-1",yaw,2,9,113,136,0,0,110,136,110,134,2,Wandlinie
10A0,2,0x0e20,2,11E0,11E0#2,20250,26000,2000,700,21250,26350,3072,"5112,-5348",1024,"21200,25500",X,X,X,X,+Z,800,0,"0,-1",yaw,2,9,113,136,0,0,110,136,110,134,2,Wandlinie
10B0,0,0x16d2,2,1170,1170#1,12670,-8540,3330,3400,14335,-6840,3072,"4014,-7436",544,"16490,-8110",Z,Z,,Z,-X,750,480,"-1,0",sca,2,4,182,158,2,2,178,154,178,154,,Innenflaeche
10B0,1,0x16f2,2,1260,1260#2,-22120,3560,1500,2100,-21370,4610,1024,"-20250,-6700",1024,"-21159,3289",Z,X,X,X,+Z,500,0,"0,-1",yaw,2,4,124,134,2,0,124,133,124,134,-1,Wandlinie
10C0,0,0x0e42,2,1060,1060#1,-1100,8550,1000,2000,-600,9550,2048,"26000,25300",0,"300,9550",Z,Z,Z,Z,-X,900,0,"-1,0",yaw,3,8,175,80,0,2,173,80,173,80,0,Wandlinie
10C0,1,0x0e82,2,1080,1080#1,500,5900,2000,1000,1500,6400,1024,"-13650,-900",3072,"1450,7300",X,X,X,X,-Z,900,0,"0,1",yaw,3,8,178,84,0,0,175,82,175,80,-2,Wandlinie
10C0,2,0x0ea4,2,10D0,10D0#15,-8100,-4250,1000,4000,-7600,-2250,2048,"7650,11400",0,"-6700,-2100",Z,Z,Z,Z,-X,900,0,"-1,0",yaw,3,8,166,94,2,2,166,89,164,89,2,Wandlinie
10D0,2,0x1052,0,10F0,10F0#0,300,-8050,1000,2000,800,-7050,2048,"8400,-350",0,"1700,-7000",Z,Z,Z,Z,-X,900,0,"-1,0",yaw,,,,,,2,,,,,,
10D0,0,0x1174,2,10F0,10F0#0,300,-8050,1000,2000,800,-7050,2048,"8400,-350",0,"1700,-7000",Z,Z,Z,Z,-X,900,0,"-1,0",yaw,,,,,,2,,,,,,
10D0,14,0x1196,2,10E0,10E0#0,4950,3850,3600,1000,6750,4350,1024,"-8050,3200",3072,"6800,5350",X,X,X,X,-Z,1050,0,"0,1",yaw,,,,,,0,,,,,,
10D0,15,0x11b6,2,10C0,10C0#2,8150,9400,1000,4000,8650,11400,0,"-6700,-2100",2048,"7650,11400",Z,Z,Z,Z,+X,1000,0,"1,0",yaw,,,,,,2,,,,,,
10D0,16,0x11d6,2,1100,1100#0,-19800,22000,1000,4000,-19300,24000,0,"-20975,-25000",0,"-18400,24150",Z,Z,Z,Z,-X,950,0,"-1,0",yaw,,,,,,2,,,,,,
10E0,0,0x0c2e,2,10D0,10D0#14,-9850,3800,3600,1000,-8050,4300,3072,"6800,5350",1024,"-8050,3200",X,X,X,X,+Z,1000,0,"0,-1",yaw,3,4,131,146,2,0,131,148,131,147,1,Wandlinie
10F0,0,0x0f32,2,10D0,10D0#2,8800,-1300,1000,2000,9300,-300,0,"1700,-7000",2048,"8400,-350",Z,Z,Z,Z,+X,900,0,"1,0",yaw,3,1,159,120,2,2,164,115,164,115,,Innenflaeche
10F0,1,0x0f52,2,1090,,-5350,-2250,1200,1000,-4750,-1750,3072,"-13600,1300",,,X,X,,X,-Z,50,,"0,1",sca,3,1,122,123,0,0,153,116,153,117,1,Wandlinie
1100,0,0x099a,2,10D0,10D0#16,-21730,-26040,800,2500,-21330,-24790,0,"-18400,24150",0,"-20975,-25000",Z,Z,Z,Z,-X,200,0,"-1,0",yaw,3,6,190,107,0,2,190,106,190,106,0,Wandlinie
1100,1,0x09ba,2,1110,1110#0,-27330,-11736,900,1600,-26880,-10936,0,"-2400,-5000",0,"-26130,-11036",Z,Z,Z,Z,-X,600,0,"-1,0",yaw,3,6,182,91,2,2,183,92,180,92,3,Wandlinie
1110,0,0x0a4e,2,1100,1100#1,-3750,-5950,1000,2000,-3250,-4950,0,"-26130,-11036",0,"-2400,-5000",Z,Z,Z,Z,-X,850,0,"-1,0",yaw,,,,,,2,,,,,,
1110,1,0x0a6e,2,1110,1110#2,-3400,-1600,600,2000,-3100,-600,2048,"-4550,-650",0,"-2500,-650",Z,Z,Z,Z,-X,750,0,"-1,0",yaw,,,,,,2,,,,,,
1110,2,0x0a8e,2,1110,1110#1,-4100,-1600,600,2000,-3800,-600,0,"-2500,-650",2048,"-4550,-650",Z,Z,Z,Z,+X,800,0,"1,0",yaw,,,,,,2,,,,,,
1110,3,0x0aae,2,1110,1110#4,-3400,3400,600,2000,-3100,4400,2048,"-4550,4350",0,"-2500,4350",Z,Z,Z,Z,-X,750,0,"-1,0",yaw,,,,,,2,,,,,,
1110,4,0x0ace,2,1110,1110#3,-4100,3400,600,2000,-3800,4400,0,"-2500,4350",2048,"-4550,4350",Z,Z,Z,Z,+X,800,0,"1,0",yaw,,,,,,2,,,,,,
1120,0,0x0c76,2,1060,1060#0,-1200,8550,1000,2000,-700,9550,2048,"26000,25300",0,"150,9550",Z,Z,Z,Z,-X,850,0,"-1,0",yaw,4,5,140,125,0,2,137,126,137,126,,Innenflaeche
1120,1,0x0cb6,2,1080,1080#2,300,5900,2000,1000,1300,6400,1024,"-13650,-900",3072,"1300,7300",X,X,X,X,-Z,900,0,"0,1",yaw,4,5,144,131,0,0,140,132,140,137,5,Wandlinie
1120,2,0x0cd8,2,1130,1130#1,-8950,-3900,1000,2000,-8450,-2900,0,"-2200,-2150",0,"-7600,-2900",Z,Z,Z,Z,-X,900,0,"-1,0",yaw,4,5,124,149,2,2,124,149,120,149,4,Wandlinie
1130,0,0x088e,2,1140,1140#0,-800,-15900,1000,4000,-300,-13900,0,"-7600,-17600",2048,"-1300,-13950",Z,Z,Z,Z,+X,1000,0,"1,0",yaw,4,4,162,150,0,2,158,148,160,148,2,Wandlinie
1130,1,0x08ae,2,1120,1120#2,-3550,-3150,1000,2000,-3050,-2150,0,"-7600,-2900",0,"-2200,-2150",Z,Z,Z,Z,-X,850,0,"-1,0",yaw,4,4,156,125,2,2,154,123,152,123,2,Wandlinie
1130,2,0x08ce,2,1150,1150#0,-7150,15350,1000,2000,-6650,16350,1600,"-17150,-11960",0,"-5900,16350",Z,Z,Z,Z,-X,750,0,"-1,0",yaw,4,4,148,87,2,2,147,83,144,83,3,Wandlinie
1130,3,0x08ee,2,1170,1170#4,1700,14150,2000,1000,2700,14650,1024,"-21225,-18870",3072,"2650,15550",X,X,X,X,-Z,850,0,"0,1",yaw,4,4,168,90,2,0,163,87,163,89,2,Wandlinie
1140,0,0x0a52,2,1130,1130#0,-9100,-19750,1000,4000,-8600,-17750,2048,"-1300,-13950",0,"-7600,-17600",Z,Z,Z,Z,-X,1000,0,"-1,0",yaw,4,6,164,149,2,2,160,152,160,152,0,Wandlinie
1140,1,0x0a7a,0,1170,1170#5,-8250,-750,2000,1000,-7250,-250,3072,"-21937,-25713",1024,"-7250,-1200",X,X,X,X,+Z,950,0,"0,-1",yaw,4,6,166,114,0,0,163,114,163,110,4,Wandlinie
1140,1,0x0ab2,2,1170,1170#5,-8250,-750,2000,1000,-7250,-250,3072,"-21937,-25713",1024,"-7250,-1200",X,X,X,X,+Z,950,0,"0,-1",yaw,4,6,166,114,0,0,163,114,163,110,4,Wandlinie
1150,0,0x0d5e,2,1130,1130#2,-16800,-12600,1500,2200,-16050,-11500,0,"-5900,16350",1600,"-17150,-11960",Z,Z,,Z,+X,600,448,"1,0",sca,4,2,148,84,2,2,142,84,145,84,3,Wandlinie
1160,0,0x07c6,2,1180,1180#0,-1300,-17000,2000,1000,-300,-16500,3072,"-4729,-16018",1024,"-300,-17400",X,X,X,X,+Z,900,0,"0,-1",yaw,4,1,148,147,0,0,145,146,145,146,,Innenflaeche
1160,0,0x07ea,2,1230,1230#0,-1300,-17000,2000,1000,-300,-16500,3072,"-4729,-16018",1024,"-300,-17400",X,X,X,X,+Z,900,0,"0,-1",yaw,4,1,148,147,0,0,145,146,145,146,,Innenflaeche
1170,0,0x1206,2,1170,1170#3,1500,14400,2100,1700,2550,15250,2957,"-11710,-26500",1024,"2300,14365",X,Z,X,X,+X,50,0,"0,-1",yaw,5,1,174,105,0,0,173,101,173,101,0,Wandlinie
1170,1,0x1226,0,10B0,10B0#0,5040,-9400,1240,2920,5660,-7940,544,"16490,-8110",3072,"4014,-7436",Z,Z,X,X,+X,50,0,"0,1",yaw,5,1,179,151,0,0,178,149,178,155,6,Wandlinie
1170,2,0x129c,2,1240,,0,0,0,0,0,0,0,"-26214,-3861",,,,Z,,Z,+X,50,,"1,0",sca,5,1,170,135,0,2,169,132,169,132,,Innenflaeche
1170,3,0x12cc,2,1170,,0,0,0,0,0,0,1024,"2300,14365",,,,Z,,Z,+X,50,,"1,0",sca,5,1,170,135,0,2,169,132,169,132,,Innenflaeche
1170,4,0x12f8,2,1130,1130#3,-22370,-18380,2280,910,-21230,-17925,3072,"2650,15550",1024,"-21225,-18870",X,X,X,X,+Z,600,0,"0,-1",yaw,5,0,158,81,0,0,156,81,156,80,1,Wandlinie
1170,5,0x1338,2,1140,1140#1,-22740,-27610,2280,1210,-21600,-27005,1024,"-7250,-1200",3072,"-21937,-25713",X,Z,X,X,+X,50,0,"0,1",yaw,5,0,157,100,0,0,155,98,155,101,3,Wandlinie
1170,6,0x135a,2,1170,1170#0,-11940,-28450,1750,1200,-11065,-27850,1024,"2300,14365",2957,"-11710,-26500",X,X,X,X,-Z,650,115,"0,1",yaw,5,0,182,101,0,0,176,99,176,101,2,Wandlinie
1180,0,0x09ee,2,1160,1160#0,-6041,-17561,2409,1444,-4837,-16839,1024,"-300,-17400",3072,"-4729,-16018",X,X,X,X,-Z,400,0,"0,1",yaw,,,,,,0,,,,,,
1180,0,0x0a12,2,11D0,11D0#0,-6041,-17561,2409,1444,-4837,-16839,1024,"-300,-17400",3072,"-4729,-16018",X,X,X,X,-Z,400,0,"0,1",yaw,,,,,,0,,,,,,
1180,1,0x0a34,2,10A0,10A0#1,-1381,-8494,2409,1444,-177,-7772,1024,"21200,25500",3072,"-358,-6536",X,X,X,X,-Z,850,0,"0,1",yaw,,,,,,0,,,,,,
1180,2,0x0a54,2,1190,1190#4,-9266,8888,2297,934,-8118,9355,1024,"3174,-11182",3072,"-8133,10226",X,X,X,X,-Z,750,0,"0,1",yaw,,,,,,0,,,,,,
1180,3,0x0a74,2,11B0,11B0#0,5270,26563,872,4622,5706,28874,0,"-26483,-18094",2048,"4725,28650",Z,Z,Z,Z,+X,800,0,"1,0",yaw,,,,,,2,,,,,,
1180,4,0x0a94,0,1190,1190#6,-1052,11694,2297,934,96,12161,1024,"19515,-12109",3072,"142,13001",X,X,X,X,-Z,700,0,"0,1",yaw,,,,,,0,,,,,,
1190,4,0x28b2,2,1180,1180#2,1900,-10400,2200,1500,3000,-9650,3072,"-8133,10226",1024,"3174,-11182",X,X,X,X,+Z,950,0,"0,-1",yaw,0,1,119,81,0,0,117,80,117,76,4,Wandlinie
1190,4,0x28d6,2,1230,1230#2,1900,-10400,2200,1500,3000,-9650,3072,"-8133,10226",1024,"3174,-11182",X,X,X,X,+Z,950,0,"0,-1",yaw,0,1,119,81,0,0,117,80,117,76,4,Wandlinie
1190,6,0x2b1c,2,1180,1180#4,18200,-12300,2600,1500,19500,-11550,3072,"142,13001",1024,"19515,-12109",X,X,X,X,+Z,700,0,"0,-1",yaw,0,1,143,85,2,0,139,84,139,84,,Innenflaeche
1190,6,0x2b40,2,1230,1230#6,18200,-12300,2600,1500,19500,-11550,3072,"142,13001",1024,"19515,-12109",X,X,X,X,+Z,700,0,"0,-1",yaw,0,1,143,85,2,0,139,84,139,84,,Innenflaeche
1190,15,0x2d70,2,1190,,0,0,0,0,0,0,0,"19100,-21250",,,,,,,-Z,7550,,,,,,,,,,,,,,,
11A0,0,0x0f5a,2,2070,2070#4,5400,-4300,2200,900,6500,-3850,0,"-18650,-19300",3072,"6500,-3200",X,X,X,X,-Z,650,0,"0,1",yaw,0,0,150,127,0,0,146,124,146,124,0,Wandlinie
11A0,1,0x0f7c,2,3000,3000#0,-650,24500,1300,900,0,24950,0,"-23338,-14647",1024,"-50,24200",X,Z,X,X,+X,50,0,"0,-1",yaw,0,0,143,64,0,0,140,64,140,60,4,Wandlinie
11A0,2,0x0f9c,2,11A0,11A0#3,14200,2300,2200,900,15300,2750,1024,"7500,10650",1024,"15300,1850",X,Z,X,X,+X,50,0,"0,-1",yaw,0,0,159,113,2,0,154,110,154,104,6,Wandlinie
11A0,3,0x0fc6,2,11A0,11A0#2,6400,11050,2200,900,7500,11500,1024,"15300,1850",1024,"7500,10650",X,Z,X,X,+X,50,0,"0,-1",yaw,0,0,151,93,2,0,147,92,147,92,,ausserhalb
11A0,4,0x1006,2,20A0,20A0#2,28500,200,1000,2200,29000,1300,1024,"25800,-800",2048,"28150,1250",Z,Z,Z,Z,+X,50,0,"1,0",yaw,0,0,173,116,2,2,166,113,166,113,0,Wandlinie
11B0,0,0x0f64,2,1180,1180#3,-29430,-18940,3200,4100,-27830,-16890,2048,"4725,28650",0,"-26483,-18094",Z,Z,Z,Z,-X,650,0,"-1,0",yaw,0,3,170,83,2,2,168,82,168,82,0,Wandlinie
11B0,0,0x0f88,2,1230,1230#3,-29430,-18940,3200,4100,-27830,-16890,2048,"4725,28650",0,"-26483,-18094",Z,Z,Z,Z,-X,650,0,"-1,0",yaw,0,3,170,83,2,2,168,82,168,82,0,Wandlinie
11B0,1,0x0faa,2,11C0,11C0#0,-26730,-29940,2500,3500,-25480,-28190,4603,"-25279,17268",3067,"-25552,-25331",Z,Z,X,X,+X,1200,5,"0,1",yaw,0,3,175,106,0,0,171,99,171,100,1,Wandlinie
11B0,5,0x1010,0,1260,1260#0,-895,-21121,1667,1667,-62,-20288,2048,"26750,9400",1024,"-195,-21821",,X,X,X,+Z,750,0,"0,-1",yaw,0,3,231,90,2,0,225,87,225,87,,Innenflaeche
11B0,5,0x1034,2,1260,1260#0,-895,-21121,1667,1667,-62,-20288,2048,"26750,9400",1024,"-195,-21821",,X,X,X,+Z,750,0,"0,-1",yaw,0,3,231,90,2,0,225,87,225,87,,Innenflaeche
11C0,0,0x1712,2,11B0,11B0#1,-27100,15900,4000,2700,-25100,17250,3067,"-25552,-25331",4603,"-25279,17268",X,Z,,Z,+X,50,507,"1,0",sca,0,4,177,114,2,2,177,112,177,112,,Innenflaeche
11D0,0,0x11e2,2,1180,1180#0,-1300,-17000,2000,1000,-300,-16500,3072,"-4729,-16018",1024,"-300,-17400",X,X,X,X,+Z,900,0,"0,-1",yaw,0,5,129,147,2,0,127,144,127,144,,Innenflaeche
11D0,0,0x1206,2,1230,1230#0,-1300,-17000,2000,1000,-300,-16500,3072,"-4729,-16018",1024,"-300,-17400",X,X,X,X,+Z,900,0,"0,-1",yaw,0,5,129,147,2,0,127,144,127,144,,Innenflaeche
11D0,1,0x1228,2,1260,1260#3,1700,-22900,1800,1800,2600,-22000,2048,"20900,-8100",0,"3900,-22000",,Z,Z,Z,-X,600,0,"-1,0",yaw,0,5,137,171,0,2,135,164,135,164,,Innenflaeche
11E0,0,0x1512,2,11F0,11F0#0,-27100,-10300,4000,1500,-25100,-9550,1024,"250,250",-4848,"-24707,-9442",X,X,,X,-Z,700,272,"0,1",sca,,,,,,0,,,,,,
11E0,1,0x1532,2,1200,1200#0,1000,-25000,2000,1500,2000,-24250,3040,"-20154,-25245",-2621,"2062,-24428",X,X,,X,+Z,500,451,"0,-1",sca,,,,,,0,,,,,,
11E0,2,0x1552,2,10A0,10A0#2,4200,-6700,1100,2100,4750,-5650,1024,"21200,25500",3072,"5112,-5348",Z,X,X,X,-Z,500,0,"0,1",yaw,,,,,,0,,,,,,
11E0,5,0x15a2,0,1210,1210#0,9700,4500,1500,2000,10450,5500,0,"-26400,-2200",1336,"10564,5755",Z,Z,,Z,+X,500,312,"1,0",sca,,,,,,2,,,,,,
11E0,3,0x16c4,2,1210,1210#0,9700,4500,1500,2000,10450,5500,0,"-26400,-2200",1336,"10564,5755",Z,Z,,Z,+X,500,312,"1,0",sca,,,,,,2,,,,,,
11F0,0,0x0cc6,2,11E0,11E0#0,-1750,650,4000,1000,250,1150,-4848,"-24707,-9442",1024,"250,250",X,X,X,X,+Z,900,0,"0,-1",yaw,1,8,212,111,0,0,212,112,212,112,0,Wandlinie
1200,0,0x07ba,2,11E0,11E0#1,-20890,-27480,1690,770,-20045,-27095,-2621,"2062,-24428",3040,"-20154,-25245",X,Z,X,X,+X,1200,32,"0,1",yaw,1,5,198,117,0,0,197,111,197,112,1,Wandlinie
1210,0,0x1cc6,2,11E0,11E0#5,-28000,-3500,1500,2200,-27250,-2400,1336,"10564,5755",0,"-26400,-2200",Z,Z,Z,Z,-X,500,0,"-1,0",yaw,1,4,188,81,2,2,188,80,187,80,1,Wandlinie
1210,1,0x1ce6,2,1220,1220#0,-22200,-7200,1500,2200,-21450,-6100,2048,"-22400,-6500",0,"-20890,-6560",Z,Z,Z,Z,-X,200,0,"-1,0",yaw,1,4,193,83,0,2,192,82,187,82,5,Wandlinie
1210,2,0x1d06,2,1220,1220#1,-17900,-10900,1500,2200,-17150,-9800,0,"-16600,-9900",2048,"-18100,-9900",Z,Z,Z,Z,+X,450,0,"1,0",yaw,1,4,196,86,2,2,196,84,198,84,2,Wandlinie
1210,3,0x1d26,2,1220,1220#2,-22400,-14700,1500,2200,-21650,-13600,2048,"-22400,-14000",0,"-20800,-13700",Z,Z,Z,Z,-X,300,0,"-1,0",yaw,1,4,193,89,2,2,192,86,187,86,5,Wandlinie
1210,4,0x1d46,2,1220,1220#3,-17900,-18400,1500,2200,-17150,-17300,0,"-16600,-17900",2048,"-18100,-17300",Z,Z,Z,Z,+X,450,0,"1,0",yaw,1,4,196,92,2,2,196,89,201,89,5,Wandlinie
1210,5,0x1d66,2,1220,1220#4,-17900,-26600,1500,2200,-17150,-25500,0,"-16600,-25050",2048,"-18100,-25600",Z,Z,Z,Z,+X,450,0,"1,0",yaw,1,4,196,99,0,2,196,93,201,93,5,Wandlinie
1220,0,0x0dd2,2,1210,1210#1,-22000,-7400,500,2000,-21750,-6400,0,"-20890,-6560",2048,"-22400,-6500",Z,Z,Z,Z,+X,600,0,"1,0",yaw,1,4,192,83,0,2,192,82,196,82,4,Wandlinie
1220,1,0x0df2,2,1210,1210#2,-17300,-10900,500,2000,-17050,-9900,2048,"-18100,-9900",0,"-16600,-9900",Z,Z,Z,Z,-X,500,0,"-1,0",yaw,1,4,197,86,2,2,196,84,198,84,-2,Wandlinie
1220,2,0x0e12,2,1210,1210#3,-22000,-14900,500,2000,-21750,-13900,0,"-20800,-13700",2048,"-22400,-14000",Z,Z,Z,Z,+X,600,0,"1,0",yaw,1,4,192,89,2,2,192,86,187,86,-5,Wandlinie
1220,3,0x0e32,2,1210,1210#4,-17300,-18800,500,2000,-17050,-17800,2048,"-18100,-17300",0,"-16600,-17900",Z,Z,Z,Z,-X,500,0,"-1,0",yaw,1,4,197,92,2,2,196,88,201,88,-5,Wandlinie
1220,4,0x0e52,2,1210,1210#5,-17300,-26000,500,2000,-17050,-25000,2048,"-18100,-25600",0,"-16600,-25050",Z,Z,Z,Z,-X,500,0,"-1,0",yaw,1,4,197,98,0,2,196,93,201,93,-5,Wandlinie
1230,0,0x0aee,2,1160,1160#0,-6041,-17561,2409,1444,-4837,-16839,1024,"-300,-17400",3072,"-4729,-16018",X,X,X,X,-Z,400,0,"0,1",yaw,1,3,231,131,0,0,214,115,214,115,,ausserhalb
1230,0,0x0b12,2,11D0,11D0#0,-6041,-17561,2409,1444,-4837,-16839,1024,"-300,-17400",3072,"-4729,-16018",X,X,X,X,-Z,400,0,"0,1",yaw,1,3,231,131,0,0,214,115,214,115,,ausserhalb
1230,1,0x0b34,2,10A0,10A0#1,-1381,-8494,2409,1444,-177,-7772,1024,"21200,25500",3072,"-358,-6536",X,X,X,X,-Z,850,0,"0,1",yaw,1,3,239,120,2,0,219,107,219,107,,ausserhalb
1230,2,0x0b54,2,1190,1190#4,-9266,8888,2297,934,-8118,9355,1024,"3174,-11182",3072,"-8133,10226",X,X,X,X,-Z,750,0,"0,1",yaw,1,3,226,99,2,0,211,91,211,91,,Innenflaeche
1230,3,0x0b74,2,11B0,11B0#0,5270,26563,872,4622,5706,28874,0,"-26483,-18094",2048,"4725,28650",Z,Z,Z,Z,+X,800,0,"1,0",yaw,1,3,249,74,2,2,225,74,226,74,1,Wandlinie
1230,6,0x0bc4,0,1190,1190#6,-1052,11694,2297,934,96,12161,1024,"19515,-12109",3072,"142,13001",X,X,X,X,-Z,700,0,"0,1",yaw,1,3,239,95,2,0,219,89,219,89,,ausserhalb
1230,4,0x0ce6,2,1190,1190#6,-1052,11694,2297,934,96,12161,1024,"19515,-12109",3072,"142,13001",X,X,X,X,-Z,700,0,"0,1",yaw,1,3,239,95,2,0,219,89,219,89,,ausserhalb
1240,0,0x051a,2,1170,,0,0,0,0,0,0,0,"-26214,-3861",,,,,,,,,,,,,,,,,,,,,,,
1250,0,0x0cb2,0,1000,,9300,13900,1000,2500,9800,15150,0,"0,0",,,Z,,,Z,,,,,,,,,,,2,,,,,,
1250,1,0x0cd2,0,1000,,-7000,-13200,1000,2000,-6500,-12200,0,"0,0",,,Z,Z,,Z,+X,2900,,"1,0",sca,1,0,135,120,0,2,135,118,141,118,6,Wandlinie
1250,2,0x0cf2,0,1000,,-4500,-13200,1000,2000,-4000,-12200,0,"0,0",,,Z,Z,,Z,+X,400,,"1,0",sca,1,0,141,120,0,2,141,118,141,118,0,Wandlinie
1260,0,0x112a,2,11B0,11B0#5,27150,8700,1000,1500,27650,9450,1024,"-195,-21821",2048,"26750,9400",Z,Z,Z,Z,+X,50,0,"1,0",yaw,,,,,,2,,,,,,
1260,1,0x114a,2,2000,2000#0,-9700,-9350,1900,1900,-8750,-8400,1024,"4350,-20500",3072,"-8750,-6900",,Z,X,X,+X,50,0,"0,1",yaw,,,,,,0,,,,,,
1260,2,0x116a,2,10B0,10B0#1,-21000,-6250,1500,1000,-20250,-5750,1024,"-21159,3289",1024,"-20250,-6700",X,Z,X,X,+X,50,0,"0,-1",yaw,,,,,,0,,,,,,
1260,3,0x118a,2,11D0,11D0#1,21350,-8800,1000,1500,21850,-8050,0,"3900,-22000",2048,"20900,-8100",Z,Z,Z,Z,+X,50,0,"1,0",yaw,,,,,,2,,,,,,
1260,4,0x11aa,2,2000,2000#1,18700,-4250,1900,1900,19650,-3300,0,"-26450,-24300",1024,"19700,-5000",,Z,X,X,+X,50,0,"0,-1",yaw,,,,,,0,,,,,,
2000,0,0x161e,2,1260,1260#1,3900,-20200,1000,1000,4400,-19700,3072,"-8750,-6900",1024,"4350,-20500",,Z,X,X,+X,50,0,"0,-1",yaw,,,,,,0,,,,,,
2000,1,0x163e,2,1260,1260#4,-27600,-24700,1000,1000,-27100,-24200,1024,"19700,-5000",0,"-26450,-24300",,Z,Z,Z,+X,50,0,"-1,0",yaw,,,,,,2,,,,,,
2000,2,0x165e,2,2010,2010#0,-27600,-3650,1000,2000,-27100,-2650,0,"-4600,-4950",0,"-26450,-2700",Z,Z,Z,Z,+X,50,0,"-1,0",yaw,,,,,,2,,,,,,
2000,3,0x167e,2,2070,2070#0,-20300,-8200,1000,4000,-19800,-6200,-4128,"-18650,-6450",2048,"-20650,-6200",Z,Z,Z,Z,+X,50,0,"1,0",yaw,,,,,,2,,,,,,
2000,4,0x169e,2,2050,2050#0,-27600,9800,1000,1000,-27100,10300,1024,"9100,4100",0,"-26450,10250",,Z,Z,Z,+X,50,0,"-1,0",yaw,,,,,,2,,,,,,
2010,0,0x0746,2,2000,2000#2,-5800,-5800,1000,1750,-5300,-4925,0,"-26450,-2700",0,"-4600,-4950",Z,Z,Z,Z,-X,700,0,"-1,0",yaw,6,10,279,151,2,2,277,147,277,147,0,Wandlinie
2020,0,0x082a,2,2050,2050#1,10400,-4350,2000,1000,11400,-3850,1024,"-5150,3450",3072,"11350,-3150",X,Z,X,X,+X,50,0,"0,1",yaw,,,,,,0,,,,,,
2020,1,0x0866,0,2030,2030#2,-15200,2800,2000,1000,-14200,3300,3072,"-450,-9700",1024,"-14200,2450",X,Z,X,X,+X,50,0,"0,-1",yaw,,,,,,0,,,,,,
2020,1,0x088a,2,2030,2030#2,-15200,2800,2000,1000,-14200,3300,3072,"-450,-9700",1024,"-14200,2450",X,Z,X,X,+X,50,0,"0,-1",yaw,,,,,,0,,,,,,
2030,0,0x1aca,2,2070,2070#1,6850,-1950,1000,3500,7350,-200,2048,"4800,-6300",2048,"6550,-100",Z,Z,Z,Z,+X,50,0,"1,0",yaw,,,,,,2,,,,,,
2030,1,0x1aea,2,2080,2080#0,-8200,5500,1000,1800,-7700,6400,0,"-23200,-16700",0,"-6950,6450",Z,Z,Z,Z,+X,50,0,"-1,0",yaw,,,,,,2,,,,,,
2030,2,0x1b2a,2,2020,2020#1,-1350,-10900,1800,1000,-450,-10400,1024,"-14200,2450",3072,"-450,-9700",X,Z,X,X,+X,50,0,"0,1",yaw,,,,,,0,,,,,,
2030,3,0x1b4c,2,2060,2060#0,-8200,-8150,1000,1800,-7700,-7250,2048,"7600,3950",0,"-6950,-7200",Z,Z,Z,Z,+X,50,0,"-1,0",yaw,,,,,,2,,,,,,
2040,0,0x129c,2,2050,2050#2,23300,-6050,1000,1000,23800,-5550,0,"-6800,-5650",2048,"21700,-5400",,Z,Z,Z,+X,50,0,"1,0",yaw,,,,,,2,,,,,,
2040,1,0x12bc,2,2060,2060#1,-13300,1800,1000,1000,-12800,2300,3072,"450,-6150",1024,"-12850,1600",,Z,X,X,+X,50,0,"0,-1",yaw,,,,,,0,,,,,,
2040,2,0x12dc,2,2040,2040#3,-2800,-20800,800,2000,-2400,-19800,2048,"-3900,-19850",0,"-1800,-19850",Z,Z,Z,Z,+X,50,0,"-1,0",yaw,,,,,,2,,,,,,
2040,3,0x12fc,2,2040,2040#2,-3650,-20800,800,2000,-3250,-19800,0,"-1800,-19850",2048,"-3900,-19850",Z,Z,Z,Z,+X,50,0,"1,0",yaw,,,,,,2,,,,,,
2040,4,0x131c,2,2070,2070#5,-20950,-20800,1000,2000,-20450,-19800,2048,"4650,-19200",0,"-19750,-19850",Z,Z,Z,Z,+X,50,0,"-1,0",yaw,,,,,,2,,,,,,
2050,0,0x1c4a,2,2000,2000#4,8100,4700,2000,2000,9100,5700,0,"-26450,10250",1024,"9100,4100",,Z,X,X,+X,50,0,"0,-1",yaw,6,2,131,64,0,0,125,65,125,71,-6,Wandlinie
2050,1,0x1c6a,2,2020,2020#0,-6150,3950,2000,1000,-5150,4450,3072,"11350,-3150",1024,"-5150,3450",X,Z,X,X,+X,50,0,"0,-1",yaw,6,2,99,67,0,0,98,67,98,67,,Innenflaeche
2050,2,0x1c8a,2,2040,2040#0,-8200,-6200,1000,1200,-7700,-5600,2048,"21700,-5400",0,"-6800,-5650",Z,Z,Z,Z,+X,50,0,"-1,0",yaw,6,2,94,87,2,2,93,87,90,87,3,Wandlinie
2060,0,0x0d9a,2,2030,2030#3,7950,2950,1000,2000,8450,3950,0,"-6950,-7200",2048,"7600,3950",Z,Z,Z,Z,+X,800,0,"1,0",yaw,6,10,291,143,2,2,287,141,287,141,0,Wandlinie
2060,1,0x0dba,2,2040,2040#1,-200,-8850,1300,1000,450,-8350,1024,"-12850,1600",3072,"450,-6150",X,X,X,X,+Z,600,0,"0,1",yaw,6,10,284,154,0,0,281,149,281,149,0,Wandlinie
2070,0,0x0a3a,2,2000,2000#3,-19950,-7900,1000,3000,-19450,-6400,2048,"-20650,-6200",-4128,"-18650,-6450",Z,Z,Z,Z,-X,800,32,"-1,0",yaw,6,4,120,111,2,2,118,108,118,108,0,Wandlinie
2070,1,0x0a5a,2,2030,2030#0,5000,-7900,1000,3000,5500,-6400,2048,"6550,-100",2048,"4800,-6300",Z,Z,Z,Z,+X,700,0,"1,0",yaw,6,4,195,111,2,2,195,108,195,108,0,Wandlinie
2070,2,0x0a7a,2,2030,,-19950,4900,1000,3000,-19450,6400,2048,"6550,-100",,,Z,X,,X,-Z,50,,"0,1",sca,6,5,133,87,2,0,130,84,130,84,0,Wandlinie
2070,3,0x0a9a,2,2000,,5750,4900,1000,3000,6250,6400,2048,"-20650,-6200",,,Z,Z,,Z,+X,50,,"1,0",sca,6,5,230,87,2,2,227,84,227,84,0,Wandlinie
2070,4,0x0ad6,0,11A0,11A0#0,-19900,-20250,1000,2000,-19400,-19250,3072,"6500,-3200",0,"-18650,-19300",Z,Z,Z,Z,-X,750,0,"-1,0",yaw,6,3,109,144,2,2,107,141,107,141,0,Wandlinie
2070,4,0x0afa,2,11A0,11A0#0,-19900,-20250,1000,2000,-19400,-19250,3072,"6500,-3200",0,"-18650,-19300",Z,Z,Z,Z,-X,750,0,"-1,0",yaw,6,3,109,144,2,2,107,141,107,141,0,Wandlinie
2070,5,0x0b1c,2,2040,2040#4,5000,-20200,1000,2000,5500,-19200,0,"-19750,-19850",2048,"4650,-19200",Z,Z,Z,Z,+X,800,0,"1,0",yaw,6,3,168,143,2,2,164,140,164,140,0,Wandlinie
2080,0,0x0ba2,2,2030,2030#1,-24400,-17700,1000,2000,-23900,-16700,0,"-6950,6450",0,"-23200,-16700",Z,Z,Z,Z,+X,50,0,"-1,0",yaw,6,9,251,158,2,2,251,155,251,155,,Innenflaeche
2080,1,0x0bc2,2,2090,2090#0,-9650,-26150,1000,1000,-9150,-25650,0,"-8200,-25550",2048,"-9950,-25700",,Z,Z,Z,+X,50,0,"1,0",yaw,,,,,,2,,,,,,
2090,0,0x0996,2,2080,2080#1,-9400,-26000,1000,1000,-8900,-25500,2048,"-9950,-25700",0,"-8200,-25550",,Z,Z,Z,-X,700,0,"-1,0",yaw,6,6,167,165,2,2,164,160,164,160,0,Wandlinie
2090,1,0x09b6,2,20A0,20A0#0,6750,-18100,1000,3500,7250,-16350,1024,"4950,4100",2048,"6300,-16250",Z,Z,Z,Z,+X,50,0,"1,0",yaw,6,6,200,145,2,2,198,140,198,140,0,Wandlinie
20A0,0,0x1746,2,2090,2090#1,3450,4500,3000,1000,4950,5000,2048,"6300,-16250",1024,"4950,4100",X,Z,X,X,+X,50,0,"0,-1",yaw,,,,,,0,,,,,,
20A0,1,0x1766,2,20A0,20A0#1,16000,-21550,1000,1000,16500,-21050,3072,"16500,-20000",3072,"16500,-20000",,Z,X,X,+X,50,0,"0,1",yaw,,,,,,0,,,,,,
20A0,2,0x17a2,0,11A0,11A0#4,24800,-450,2000,1000,25800,50,2048,"28150,1250",1024,"25800,-800",X,Z,X,X,+X,50,0,"0,-1",yaw,,,,,,0,,,,,,
20A0,2,0x17c6,2,11A0,11A0#4,24800,-450,2000,1000,25800,50,2048,"28150,1250",1024,"25800,-800",X,Z,X,X,+X,50,0,"0,-1",yaw,,,,,,0,,,,,,
20B0,0,0x1962,2,1260,,3900,-20200,1000,1000,4400,-19700,3072,"-8750,-6900",,,,Z,,Z,+X,50,,"1,0",sca,,,,,,2,,,,,,
20B0,1,0x1982,2,1260,,-27600,-24700,1000,1000,-27100,-24200,1024,"19700,-5000",,,,Z,,Z,+X,50,,"1,0",sca,,,,,,2,,,,,,
20B0,2,0x19a2,2,2010,,-27600,-3650,1000,2000,-27100,-2650,0,"-4600,-4950",,,Z,Z,,Z,+X,50,,"1,0",sca,,,,,,2,,,,,,
20B0,3,0x19c2,2,2030,,5450,-7900,1000,3000,5950,-6400,2048,"6550,-100",,,Z,Z,,Z,+X,50,,"1,0",sca,,,,,,2,,,,,,
20B0,4,0x19e2,2,2050,,-27600,9800,1000,1000,-27100,10300,1024,"9100,4100",,,,Z,,Z,+X,50,,"1,0",sca,,,,,,2,,,,,,
3000,0,0x1462,2,11A0,,-30000,-10000,10,10,-29995,-9995,1024,"-50,24200",,,,,,,,,,,,7,2,167,159,0,,,,,,,
3000,1,0x1482,2,3010,3010#0,-5890,-18270,670,1500,-5555,-17520,4192,"-23168,11769",-2000,"-6544,-17239",Z,X,Z,Z,+Z,700,48,"1,0",yaw,7,2,218,174,2,2,211,173,215,173,4,Wandlinie
3010,0,0x1fd2,2,3000,3000#1,-25000,10620,1600,1820,-24200,11530,-2000,"-6544,-17239",4192,"-23168,11769",Z,Z,Z,Z,-X,500,96,"-1,0",yaw,,,,,,2,,,,,,
3010,1,0x1ff2,2,3060,3060#0,-7268,8910,1410,1800,-6563,9810,4112,"-26027,-22532",2048,"-7578,10065",Z,Z,Z,Z,+X,850,0,"1,0",yaw,,,,,,2,,,,,,
3010,2,0x2012,2,30E0,,0,0,0,0,0,0,2000,"-19406,-22938",,,,,,,-X,5100,,,,,,,,,,,,,,,
3010,3,0x203a,2,3020,3020#0,-7200,-19200,1400,1800,-6500,-18300,0,"-26300,-22550",-1872,"-7400,-18400",Z,Z,,Z,+X,650,176,"1,0",sca,,,,,,2,,,,,,
3010,3,0x205e,2,30D0,30D0#0,-7200,-19200,1400,1800,-6500,-18300,0,"-26300,-22550",-1872,"-7400,-18400",Z,Z,,Z,+X,650,176,"1,0",sca,,,,,,2,,,,,,
3010,6,0x20ea,2,30E0,30E0#0,-27200,-20880,900,2120,-26750,-19820,2000,"-19406,-22938",3645,"-25190,-20200",Z,Z,,Z,+X,300,451,"1,0",sca,,,,,,2,,,,,,
3020,0,0x0b3a,2,3010,3010#3,-27050,-23450,600,1900,-26750,-22500,-1872,"-7400,-18400",0,"-26300,-22550",Z,Z,Z,Z,-X,400,0,"-1,0",yaw,7,0,81,127,2,2,81,122,80,122,1,Wandlinie
3020,2,0x0b6e,2,30C0,,0,0,0,0,0,0,3072,"-11250,-10900",,,,,,,,,,,,,,,,,,,,,,,
3030,0,0x01d2,2,30E0,30E0#7,-27700,-17000,4000,1000,-25700,-16500,3072,"7025,2700",1048,"-25497,-17066",X,X,X,X,+Z,500,24,"0,-1",yaw,,,,,,0,,,,,,
3030,1,0x01fa,2,30C0,30C0#1,-27700,-27300,4000,1000,-25700,-26800,1024,"-11850,450",-1056,"-25323,-25886",X,X,X,X,-Z,850,32,"0,1",yaw,,,,,,0,,,,,,
3030,1,0x021e,2,30D0,30D0#2,-27700,-27300,4000,1000,-25700,-26800,1024,"-11850,450",-1056,"-25323,-25886",X,X,X,X,-Z,850,32,"0,1",yaw,,,,,,0,,,,,,
3040,0,0x125a,0,3060,3060#2,-10650,-27300,3700,700,-8800,-26950,1320,"2063,-17192",3072,"-8900,-26300",X,X,X,X,-Z,600,0,"0,1",yaw,,,,,,0,,,,,,
3040,0,0x127e,2,3060,3060#2,-10650,-27300,3700,700,-8800,-26950,1320,"2063,-17192",3072,"-8900,-26300",X,X,X,X,-Z,600,0,"0,1",yaw,,,,,,0,,,,,,
3040,1,0x12a0,2,3050,3050#0,-27300,-5900,750,1850,-26925,-4975,1024,"-23996,1523",0,"-26350,-5100",Z,Z,Z,Z,-X,450,0,"-1,0",yaw,,,,,,2,,,,,,
3050,0,0x1e86,2,3040,3040#1,-25046,1873,2190,620,-23951,2183,0,"-26350,-5100",1024,"-23996,1523",X,X,X,X,+Z,500,0,"0,-1",yaw,7,4,199,47,0,0,199,48,199,44,4,Wandlinie
3050,1,0x1ea6,2,30E0,30E0#6,-4596,1823,2140,520,-3526,2083,0,"4225,4550",1024,"-3596,1523",X,Z,X,X,+X,50,0,"0,-1",yaw,7,4,243,48,0,0,237,48,237,44,4,Wandlinie
3060,0,0x0e76,2,3010,3010#1,-27900,-23500,1500,2200,-27150,-22400,2048,"-7578,10065",4112,"-26027,-22532",Z,Z,Z,Z,-X,1150,16,"-1,0",yaw,7,6,175,125,2,2,175,117,170,117,5,Wandlinie
3060,1,0x0e96,2,3090,3090#1,-4500,-27300,2600,1300,-3200,-26650,1024,"-24731,887",2784,"-2812,-26085",X,X,,X,-Z,700,288,"0,1",sca,7,6,222,135,0,0,218,123,218,124,1,Wandlinie
3060,2,0x0ed6,2,3040,3040#0,1500,-17200,3200,1300,3100,-16550,3072,"-8900,-26300",1320,"2063,-17192",X,X,,X,+Z,500,296,"0,-1",sca,7,6,234,111,0,0,229,108,229,104,4,Wandlinie
3060,3,0x0ef8,2,3020,,0,0,0,0,0,0,3072,"-11250,-13250",,,,,,,,,,,,,,,,,,,,,,,
3070,0,0x3302,2,3080,,-27400,-13660,1200,3400,-26800,-11960,930,"-25850,-25900",,,Z,Z,,Z,+X,50,,"1,0",sca,7,5,144,80,2,2,143,78,143,78,,Innenflaeche
3070,1,0x3322,2,30E0,30E0#1,-13500,-19700,2200,1200,-12400,-19100,384,"-25660,-22130",3360,"-11840,-18140",X,X,,X,-Z,500,288,"0,1",sca,7,5,175,99,0,0,170,96,170,96,,Innenflaeche
3080,0,0x072a,2,4000,,0,0,0,0,0,0,1920,"-7600,-6760",,,,,,,,,,,,,,,,,,,,,,,
3090,0,0x132a,2,30C0,30C0#0,-27090,-1740,590,1440,-26795,-1020,2048,"-6400,-400",0,"-26275,-875",Z,Z,Z,Z,-X,500,0,"-1,0",yaw,,,,,,2,,,,,,
3090,0,0x134e,2,30D0,30D0#1,-27090,-1740,590,1440,-26795,-1020,2048,"-6400,-400",0,"-26275,-875",Z,Z,Z,Z,-X,500,0,"-1,0",yaw,,,,,,2,,,,,,
3090,1,0x1370,2,3060,3060#1,-25610,1300,1890,750,-24665,1675,2784,"-2812,-26085",1024,"-24731,887",X,X,X,X,+Z,750,0,"0,-1",yaw,,,,,,0,,,,,,
3090,2,0x1390,2,30A0,30A0#0,-13890,-9350,1510,570,-13135,-9065,0,"-25500,11700",1360,"-13584,-9698",X,X,,X,+Z,400,336,"0,-1",sca,,,,,,0,,,,,,
3090,3,0x13b0,2,30B0,30B0#0,-24700,-25200,750,1740,-24325,-24330,0,"-23100,-24400",-1688,"-25033,-23750",Z,Z,,Z,+X,500,360,"1,0",sca,,,,,,2,,,,,,
30A0,0,0x0722,2,3090,3090#2,-27050,10900,1000,1800,-26550,11800,1360,"-13584,-9698",0,"-25500,11700",Z,Z,Z,Z,-X,1050,0,"-1,0",yaw,7,3,205,126,2,2,205,120,204,120,1,Wandlinie
30B0,0,0x0912,2,3090,3090#3,-24350,-25400,1000,2000,-23850,-24400,-1688,"-25033,-23750",0,"-23100,-24400",Z,Z,Z,Z,-X,750,0,"-1,0",yaw,7,8,65,171,2,2,65,166,65,166,0,Wandlinie
30C0,0,0x0b5a,2,3090,3090#0,-6100,-1200,700,1800,-5750,-300,0,"-26275,-875",2048,"-6400,-400",Z,Z,Z,Z,+X,600,0,"1,0",yaw,7,10,247,133,2,2,247,131,247,131,0,Wandlinie
30C0,1,0x0b7a,2,3030,3030#1,-12700,700,1800,700,-11800,1050,-1056,"-25323,-25886",1024,"-11850,450",X,X,X,X,+Z,650,0,"0,-1",yaw,7,10,240,129,0,0,240,128,240,128,0,Wandlinie
30D0,0,0x1246,2,3010,3010#3,-27050,-23450,600,1900,-26750,-22500,-1872,"-7400,-18400",0,"-26300,-22550",Z,Z,Z,Z,-X,400,0,"-1,0",yaw,7,9,215,181,2,2,216,178,215,178,1,Wandlinie
30D0,1,0x1266,2,3090,3090#0,-6100,-1200,700,1800,-5750,-300,0,"-26275,-875",2048,"-6400,-400",Z,Z,Z,Z,+X,600,0,"1,0",yaw,7,9,254,132,2,2,247,131,247,131,,ausserhalb
30D0,2,0x1286,2,3030,3030#1,-12700,700,1800,700,-11800,1050,-1056,"-25323,-25886",1024,"-11850,450",X,X,X,X,+Z,650,0,"0,-1",yaw,7,9,243,129,0,0,238,128,238,128,,ausserhalb
30E0,0,0x09f2,2,3010,3010#2,-18900,-23500,800,1320,-18500,-22840,3645,"-25190,-20200",2000,"-19406,-22938",Z,Z,Z,Z,+X,650,48,"1,0",yaw,,,,,,2,,,,,,
30E0,1,0x0a12,2,3070,3070#1,-27100,-21800,2700,1200,-25750,-21200,3360,"-11840,-18140",384,"-25660,-22130",X,X,,X,+Z,350,384,"0,-1",sca,,,,,,0,,,,,,
30E0,2,0x0a32,2,30E0,,0,0,0,0,0,0,2048,"-25100,-26500",,,,,,,,,,,,,,,,,,,,,,,
30E0,6,0x0aba,2,3050,3050#1,3375,3650,650,1950,3700,4625,1024,"-3596,1523",0,"4225,4550",Z,Z,Z,Z,-X,450,0,"-1,0",yaw,,,,,,2,,,,,,
30E0,7,0x0ada,2,3030,3030#0,6225,1900,1800,600,7125,2200,1048,"-25497,-17066",3072,"7025,2700",X,X,X,X,-Z,450,0,"0,1",yaw,,,,,,0,,,,,,
4000,0,0x107a,2,4020,4020#0,-27600,-11000,2000,4100,-26600,-8950,2048,"-21400,-23400",104,"-26516,-8963",Z,Z,Z,Z,-X,500,104,"-1,0",yaw,,,,,,2,,,,,,
4000,1,0x109c,2,4010,4010#0,-17100,-4600,1600,2200,-16300,-3500,-2048,"-21044,-24000",0,"-15608,-3524",Z,Z,Z,Z,-X,400,0,"-1,0",yaw,,,,,,2,,,,,,
4000,4,0x10e4,2,4030,4030#0,-15030,-27200,1800,1400,-14130,-26500,1104,"-23066,-19748",-848,"-14149,-26101",X,X,,X,-Z,500,176,"0,1",sca,,,,,,0,,,,,,
4000,5,0x1104,2,3070,,-5730,-5900,4300,3800,-3580,-4000,105,"-25773,-12208",,,X,X,,X,-Z,1350,,"0,1",sca,,,,,,0,,,,,,
4000,7,0x114c,2,4000,,0,0,0,0,0,0,1024,"-14079,-10522",,,,X,,X,-Z,1250,,"0,1",sca,,,,,,0,,,,,,
4010,0,0x04d2,2,4000,4000#1,-21300,-24800,900,1400,-20850,-24100,0,"-15608,-3524",-2048,"-21044,-24000",Z,Z,Z,Z,+X,500,0,"1,0",yaw,8,6,125,116,0,2,121,115,126,115,5,Wandlinie
4020,0,0x063a,2,4000,,0,0,0,0,0,0,104,"-26516,-8963",,,,,,,,,,,,,,,,,,,,,,,
4020,1,0x065a,2,5000,,0,0,0,0,0,0,3072,"-10550,-14750",,,,,,,,,,,,,,,,,,,,,,,
4020,2,0x067a,2,50C0,,0,0,0,0,0,0,152,"-6975,-10005",,,,,,,,,,,,,,,,,,,,,,,
4030,0,0x045e,2,4000,4000#4,-24000,-20600,1900,1700,-23050,-19750,-848,"-14149,-26101",1104,"-23066,-19748",X,X,X,X,+Z,500,80,"0,-1",yaw,8,12,152,113,0,0,151,113,151,114,-1,Wandlinie
4030,1,0x047e,2,BF0A0,,-24190,-25490,-25170,-26560,-36775,-38770,-23930,"-26630,-25250",,,Z,,,Z,,,,,,,,,,,2,,,,,,
4030,2,0x04a6,2,C5F00,,-20490,-24080,-19400,-25070,-30190,-36615,-25240,"-20740,-21840",,,Z,,,Z,,,,,,,,,,,2,,,,,,
4040,0,0x0dde,2,4070,4070#0,-4350,-19800,700,2000,-4000,-18800,0,"-12100,-18950",2048,"-4800,-18900",Z,Z,Z,Z,+X,750,0,"1,0",yaw,,,,,,2,,,,,,
4040,2,0x0e34,2,4030,,2700,9250,1200,1200,3300,9850,-688,"-25024,-25418",,,,,,,,,,,,,,,,,,,,,,,
4040,3,0x0e54,2,4050,4050#0,-27350,16250,700,2000,-27000,17250,3072,"8850,-10650",0,"-26400,17150",Z,Z,Z,Z,-X,550,0,"-1,0",yaw,,,,,,2,,,,,,
4040,4,0x0e74,2,4050,4050#4,-22950,6050,700,2000,-22600,7050,3072,"-7700,-25700",2048,"-23400,6950",Z,Z,Z,Z,+X,700,0,"1,0",yaw,,,,,,2,,,,,,
4050,0,0x1b56,2,4040,4040#3,7850,-12100,2000,1000,8850,-11600,0,"-26400,17150",3072,"8850,-10650",X,X,X,X,-Z,950,0,"0,1",yaw,8,8,210,151,2,0,208,151,208,146,-5,Wandlinie
4050,1,0x1b76,2,4050,4050#9,10150,-10450,1000,2000,10650,-9450,0,"-200,-24750",2048,"9550,-9450",Z,Z,Z,Z,+X,1100,0,"1,0",yaw,8,8,212,149,2,2,211,149,205,149,-6,Wandlinie
4050,2,0x1b96,2,4050,4050#11,6100,-7950,2000,1000,7100,-7450,3072,"-9350,-16700",1024,"7050,-8550",X,X,X,X,+Z,1100,0,"0,-1",yaw,8,8,207,147,2,0,206,147,206,148,-1,Wandlinie
4050,3,0x1bb6,2,4050,4050#13,-1500,-10450,1000,2000,-1000,-9450,3072,"-15850,11650",0,"-50,-9450",Z,Z,Z,Z,-X,950,0,"-1,0",yaw,8,8,196,149,0,2,196,149,194,149,2,Wandlinie
4050,4,0x1bd6,2,4040,4040#4,-8650,-27300,2000,1000,-7650,-26800,2048,"-23400,6950",3072,"-7700,-25700",X,X,X,X,-Z,1100,0,"0,1",yaw,8,8,188,166,0,0,187,165,187,166,1,Wandlinie
4050,5,0x1bf6,2,4050,4050#8,-6350,-25750,1000,2000,-5850,-24750,0,"10050,-24750",2048,"-7000,-24800",Z,Z,Z,Z,+X,1150,0,"1,0",yaw,8,8,190,164,0,2,190,163,190,163,0,Wandlinie
4050,6,0x1c16,2,4050,4050#10,-10300,-23200,2000,1000,-9300,-22700,3072,"-9350,-2600",1024,"-9350,-23850",X,X,X,X,+Z,1150,0,"0,-1",yaw,8,8,185,162,0,0,185,161,185,158,3,Wandlinie
4050,7,0x1c36,2,4050,4050#12,-17950,-25750,1000,2000,-17450,-24750,3072,"1550,-1150",0,"-16400,-24800",Z,Z,Z,Z,-X,1050,0,"-1,0",yaw,8,8,174,164,2,2,175,163,177,163,-2,Wandlinie
4050,8,0x1c56,2,4050,4050#5,8500,-25750,1000,2000,9000,-24750,2048,"-7000,-24800",0,"10050,-24750",Z,Z,Z,Z,-X,1050,0,"-1,0",yaw,8,8,210,164,0,2,209,163,209,163,,ausserhalb
4050,9,0x1c76,2,4050,4050#1,-1700,-25750,1000,2000,-1200,-24750,2048,"9550,-9450",0,"-200,-24750",Z,Z,Z,Z,-X,1050,0,"-1,0",yaw,8,8,196,164,0,2,196,163,190,163,6,Wandlinie
4050,10,0x1c96,2,4050,4050#6,-10300,-4200,2000,1000,-9300,-3700,1024,"-9350,-23850",3072,"-9350,-2600",X,X,X,X,-Z,1150,0,"0,1",yaw,8,8,185,144,2,0,185,144,185,138,-6,Wandlinie
4050,11,0x1cb6,2,4050,4050#2,-10300,-18250,2000,1000,-9300,-17750,1024,"7050,-8550",3072,"-9350,-16700",X,X,X,X,-Z,1100,0,"0,1",yaw,8,8,185,157,0,0,185,157,185,158,1,Wandlinie
4050,12,0x1cd6,2,4050,4050#7,600,-2600,2000,1000,1600,-2100,0,"-16400,-24800",3072,"1550,-1150",X,X,X,X,-Z,950,0,"0,1",yaw,8,8,200,142,2,0,199,142,199,142,0,Wandlinie
4050,13,0x1cf6,2,4050,4050#3,-16850,10150,2000,1000,-15850,10650,0,"-50,-9450",3072,"-15850,11650",X,X,X,X,-Z,1050,0,"0,1",yaw,8,8,177,130,2,0,177,130,177,130,0,Wandlinie
4070,0,0x11d6,2,4040,4040#0,-13450,-19950,1000,2000,-12950,-18950,2048,"-4800,-18900",0,"-12100,-18950",Z,Z,Z,Z,-X,850,0,"-1,0",yaw,8,7,145,164,2,2,142,161,142,161,0,Wandlinie
4070,1,0x11fe,2,50A0,50A0#2,-13450,-19950,1000,2000,-12950,-18950,1501,"-23878,-16268",0,"-12100,-18950",Z,Z,Z,Z,-X,850,0,"-1,0",yaw,8,7,145,164,2,2,142,161,142,161,0,Wandlinie
4070,2,0x1238,2,5100,5100#2,-13450,-19950,1000,2000,-12950,-18950,2048,"-23668,-16619",0,"-12100,-18950",Z,Z,Z,Z,-X,850,0,"-1,0",yaw,8,7,145,164,2,2,142,161,142,161,0,Wandlinie
4080,0,0x0a86,2,4030,,-4850,1950,1200,1200,-4250,2550,2400,"-20755,-25229",,,,,,,,,,,,,,,,,,,,,,,
4080,2,0x0afc,2,40B0,40B0#0,1600,-27000,700,3600,1950,-25200,2048,"-18750,-14650",0,"2600,-25300",Z,Z,Z,Z,-X,600,0,"-1,0",yaw,,,,,,2,,,,,,
4080,3,0x0b1e,2,40A0,40A0#0,15900,-19350,1500,1500,16650,-18600,247,"-24700,-14400",2560,"16150,-18200",,,,,,,512,,,,,,,,,,,,,,
4080,4,0x0b3e,2,4090,4090#0,20950,-7200,700,3600,21300,-5400,2056,"-21022,-24100",0,"22000,-5450",Z,Z,Z,Z,-X,650,0,"-1,0",yaw,,,,,,2,,,,,,
4090,0,0x0a96,2,4080,4080#4,-20900,-27200,2400,4700,-19700,-24850,0,"22000,-5450",2056,"-21022,-24100",Z,Z,Z,Z,+X,750,8,"1,0",yaw,8,5,99,117,0,2,94,116,94,116,,Innenflaeche
40A0,0,0x0db6,2,4080,4080#3,-26500,-14800,1800,1800,-25600,-13900,2560,"16150,-18200",247,"-24700,-14400",,X,,X,+Z,800,247,"0,-1",sca,8,11,171,162,0,0,171,162,171,159,3,Wandlinie
40A0,10,0x0ef4,2,40A0,,0,0,0,0,0,0,3072,"-12300,-14800",,,,,,,,,,,,,,,,,,,,,,,
40B0,0,0x0602,2,4080,4080#2,-18300,-16300,950,3450,-17825,-14575,0,"2600,-25300",2048,"-18750,-14650",Z,Z,Z,Z,+X,750,0,"1,0",yaw,8,10,223,160,0,2,218,155,218,155,,Innenflaeche
5000,0,0x07fe,2,5030,5030#1,-1050,-3100,1000,2000,-550,-2100,798,"-13846,-5474",2048,"-1500,-2150",Z,Z,Z,Z,+X,900,0,"1,0",yaw,,,,,,2,,,,,,
5000,0,0x0822,2,5110,5110#1,-1050,-3100,1000,2000,-550,-2100,798,"-13846,-5474",2048,"-1500,-2150",Z,Z,Z,Z,+X,900,0,"1,0",yaw,,,,,,2,,,,,,
5000,1,0x0844,2,5010,5010#0,-10600,6600,2000,1000,-9600,7100,456,"-23636,-18240",1024,"-9550,6100",X,X,X,X,+Z,1000,0,"0,-1",yaw,,,,,,0,,,,,,
5000,2,0x0864,2,5020,5020#0,-20550,-3900,1000,4000,-20050,-1900,3072,"-12300,-25800",0,"-19200,-1900",Z,Z,Z,Z,-X,850,0,"-1,0",yaw,,,,,,2,,,,,,
5000,3,0x08a4,2,4020,4020#1,-12550,-16100,4000,1000,-10550,-15600,2048,"-21400,-23400",3072,"-10550,-14750",X,X,X,X,-Z,850,0,"0,1",yaw,,,,,,0,,,,,,
5010,0,0x039a,2,5000,5000#1,-24400,-18400,900,1400,-23950,-17700,1024,"-9550,6100",456,"-23636,-18240",Z,Z,,Z,-X,600,456,"-1,0",sca,9,14,146,180,0,2,144,178,143,178,1,Wandlinie
5020,0,0x11de,2,5000,5000#2,-14200,-26750,3700,700,-12350,-26400,0,"-19200,-1900",3072,"-12300,-25800",X,Z,X,X,+X,50,0,"0,1",yaw,9,12,177,182,0,0,177,179,177,180,1,Wandlinie
5030,0,0x0e66,2,5040,5040#0,-27300,-17200,2400,3600,-26100,-15400,2048,"1754,-14789",3854,"-24946,-14880",Z,Z,,Z,-X,500,242,"-1,0",sca,,,,,,2,,,,,,
5030,1,0x0e86,2,5000,5000#0,-17200,-5200,3600,2400,-15400,-4000,2048,"-1500,-2150",798,"-13846,-5474",X,X,,X,+Z,850,226,"0,-1",sca,,,,,,0,,,,,,
5030,2,0x0ea6,2,5070,5070#0,-5700,-17200,2400,3600,-4500,-15400,2048,"1700,-5700",1699,"-5588,-15479",Z,Z,,Z,+X,500,349,"1,0",sca,,,,,,2,,,,,,
5030,3,0x0ec6,2,50A0,50A0#3,-17100,-27500,3600,2400,-15300,-26300,1024,"-12117,4472",3350,"-15020,-25030",X,X,,X,-Z,500,278,"0,1",sca,,,,,,0,,,,,,
5040,0,0x168e,2,5030,5030#0,1600,-16000,1600,2200,2400,-14900,3854,"-24946,-14880",2048,"1754,-14789",Z,Z,Z,Z,+X,1000,0,"1,0",yaw,9,0,164,91,2,2,163,89,163,89,0,Wandlinie
5040,1,0x16ae,2,5060,5060#0,-22200,-25900,1600,4100,-21400,-23850,3680,"-25500,-11100",2539,"-22300,-22300",Z,Z,,Z,+X,600,491,"1,0",sca,9,0,140,101,0,2,140,97,140,97,,ausserhalb
5040,2,0x16ce,2,5050,5050#0,-24900,-1500,1600,2300,-24100,-350,0,"-25600,-18400",1231,"-24594,-969",Z,Z,,Z,+X,1050,207,"1,0",sca,9,0,137,75,0,2,138,75,140,75,2,Wandlinie
5050,0,0x070a,2,5040,5040#2,-26900,-19300,950,2100,-26425,-18250,1231,"-24594,-969",0,"-25600,-18400",Z,Z,Z,Z,-X,850,0,"-1,0",yaw,,,,,,2,,,,,,
5050,0,0x072e,2,5120,5120#2,-26900,-19300,950,2100,-26425,-18250,1231,"-24594,-969",0,"-25600,-18400",Z,Z,Z,Z,-X,850,0,"-1,0",yaw,,,,,,2,,,,,,
5060,0,0x2aae,2,5040,5040#1,-27100,-13400,1600,3600,-26300,-11600,2539,"-22300,-22300",3680,"-25500,-11100",Z,Z,,Z,-X,550,416,"-1,0",sca,,,,,,2,,,,,,
5060,0,0x2ad2,2,5120,5120#3,-27100,-13400,1600,3600,-26300,-11600,2539,"-22300,-22300",3680,"-25500,-11100",Z,Z,,Z,-X,550,416,"-1,0",sca,,,,,,2,,,,,,
5070,0,0x09be,2,5030,5030#2,2100,-6500,900,1700,2550,-5650,1699,"-5588,-15479",2048,"1700,-5700",Z,Z,Z,Z,+X,750,0,"1,0",yaw,9,7,226,125,2,2,223,123,221,123,-2,Wandlinie
5070,1,0x09de,0,6020,,-29350,12300,900,2000,-28900,13300,3072,"-4500,2300",,,Z,Z,,Z,+X,50,,"1,0",sca,9,7,178,92,2,2,178,92,178,92,,ausserhalb
5070,2,0x09fe,0,6020,,-29350,-25650,900,2000,-28900,-24650,3072,"-4050,-16800",,,Z,Z,,Z,+X,50,,"1,0",sca,9,7,178,159,2,2,178,154,178,154,,ausserhalb
5080,0,0x06fa,2,6010,6010#2,-9550,-19050,900,2000,-9100,-18050,0,"-26350,-25900",2048,"-9950,-18200",Z,Z,Z,Z,+X,750,0,"1,0",yaw,9,1,185,95,2,2,180,94,180,94,0,Wandlinie
5090,0,0x104e,2,5090,5090#3,-1000,3150,900,3950,-550,5125,2048,"24700,-9250",0,"300,5000",Z,Z,Z,Z,-X,800,0,"-1,0",yaw,9,10,137,145,2,2,137,151,137,151,,ausserhalb
5090,1,0x106e,2,6030,6030#3,27700,4050,900,1900,28150,5000,0,"-26450,-23350",2048,"27200,4900",Z,Z,Z,Z,+X,850,0,"1,0",yaw,9,10,175,145,2,2,169,151,169,151,,ausserhalb
5090,2,0x108e,2,5090,5090#4,-1000,-11150,900,3950,-550,-9175,2048,"24800,-23550",0,"200,-9250",Z,Z,Z,Z,-X,650,0,"-1,0",yaw,9,10,137,167,2,2,137,170,137,170,,ausserhalb
5090,3,0x10ae,2,5090,5090#0,25150,-11150,900,3950,25600,-9175,0,"300,5000",2048,"24700,-9250",Z,Z,Z,Z,+X,800,0,"1,0",yaw,9,10,172,167,2,2,166,170,172,170,6,Wandlinie
5090,4,0x10ce,2,5090,5090#2,25150,-25300,900,3950,25600,-23325,0,"200,-9250",2048,"24800,-23550",Z,Z,Z,Z,+X,700,0,"1,0",yaw,9,10,172,189,2,2,166,188,172,188,6,Wandlinie
5090,5,0x10ee,2,6040,,0,0,0,0,0,0,0,"-26214,-3861",,,,Z,,Z,+X,50,,"1,0",sca,9,10,138,152,2,2,137,158,137,158,,ausserhalb
50A0,2,0x154a,2,4070,4070#1,-23580,-17440,1400,2230,-22880,-16325,0,"-12100,-18950",1501,"-23878,-16268",Z,Z,,Z,+X,500,477,"1,0",sca,9,11,183,160,2,2,182,156,177,156,-5,Wandlinie
50A0,3,0x156a,2,5030,5030#3,-14170,4660,3400,1500,-12470,5410,3350,"-15020,-25030",1024,"-12117,4472",X,X,X,X,+Z,500,0,"0,-1",yaw,9,11,195,135,0,0,191,136,191,134,2,Wandlinie
50B0,0,0x048e,2,5140,5140#0,-16150,-27450,4275,900,-14013,-27000,1080,"15368,-9944",3072,"-14100,-26150",X,X,X,X,-Z,750,0,"0,1",yaw,,,,,,0,,,,,,
50B0,1,0x04ae,2,6000,6000#0,-20800,-6200,1600,900,-20000,-5750,1024,"5200,1600",1024,"-17400,-6850",X,X,X,X,+Z,1350,0,"0,-1",yaw,,,,,,0,,,,,,
50C0,0,0x090a,2,50D0,50D0#0,-26200,-26900,2900,1500,-24750,-26150,4712,"-23437,-4400",3039,"-24583,-26199",X,X,X,X,-Z,500,33,"0,1",yaw,10,0,126,116,0,0,125,111,125,114,3,Wandlinie
50C0,1,0x094a,2,4020,4020#2,-8500,-11200,1600,3400,-7700,-9500,2048,"-21400,-23400",152,"-6975,-10005",Z,Z,,Z,-X,1150,152,"-1,0",sca,10,0,158,85,0,2,152,84,152,84,0,Wandlinie
50D0,0,0x11da,2,50C0,50C0#0,-25760,-2859,3200,1800,-24160,-1959,3039,"-24583,-26199",4712,"-23437,-4400",X,X,,X,+Z,2150,408,"0,-1",sca,,,,,,0,,,,,,
50D0,1,0x11fa,2,50F0,50F0#0,-2350,-15900,658,2116,-2021,-14842,0,"-24550,-23650",2048,"-2800,-14950",Z,Z,Z,Z,+X,600,0,"1,0",yaw,,,,,,2,,,,,,
50D0,2,0x121a,2,50E0,50E0#0,-2350,-4650,658,2116,-2021,-3592,0,"-25450,-14700",2048,"-2800,-3700",Z,Z,Z,Z,+X,600,0,"1,0",yaw,,,,,,2,,,,,,
50D0,3,0x123a,2,5100,5100#3,-2350,-25650,658,2116,-2021,-24592,0,"-18650,-1100",2048,"-2900,-24700",Z,Z,Z,Z,+X,700,0,"1,0",yaw,,,,,,2,,,,,,
50E0,0,0x0a86,2,50D0,50D0#2,-26600,-16600,900,4000,-26150,-14600,2048,"-2800,-3700",0,"-25450,-14700",Z,Z,Z,Z,-X,550,0,"-1,0",yaw,10,1,126,142,2,2,120,133,120,133,0,Wandlinie
50F0,0,0x094e,2,50D0,50D0#1,-25800,-25600,900,4000,-25350,-23600,2048,"-2800,-14950",0,"-24550,-23650",Z,Z,Z,Z,-X,650,0,"-1,0",yaw,11,2,171,115,0,2,162,112,162,112,0,Wandlinie
5100,2,0x0802,2,4070,4070#2,-24000,-16900,1600,2200,-23200,-15800,0,"-12100,-18950",2048,"-23668,-16619",Z,Z,Z,Z,+X,500,0,"1,0",yaw,11,1,131,126,2,2,130,119,130,119,,Innenflaeche
5100,3,0x0822,2,50D0,50D0#3,-20000,-3100,1600,4100,-19200,-1050,2048,"-2900,-24700",0,"-18650,-1100",Z,Z,Z,Z,-X,850,0,"-1,0",yaw,11,1,140,99,0,2,138,98,138,98,,Innenflaeche
5110,0,0x0d5a,2,5120,5120#0,-27300,-17200,2400,3600,-26100,-15400,2048,"1754,-14789",4197,"-24699,-14576",Z,Z,Z,Z,-X,850,101,"-1,0",yaw,,,,,,2,,,,,,
5110,1,0x0d7a,2,5000,5000#0,-17200,-5200,3600,2400,-15400,-4000,2048,"-1500,-2150",798,"-13846,-5474",X,X,,X,+Z,900,226,"0,-1",sca,,,,,,0,,,,,,
5110,2,0x0d9a,2,5130,5130#0,-5700,-17200,2400,3600,-4500,-15400,2048,"1700,-5700",1699,"-5588,-15479",Z,Z,,Z,+X,850,349,"1,0",sca,,,,,,2,,,,,,
5110,3,0x0dba,2,5140,5140#1,-17100,-27500,3600,2400,-15300,-26300,1024,"-12117,4472",3350,"-15020,-25030",X,X,,X,-Z,450,278,"0,1",sca,,,,,,0,,,,,,
5120,0,0x1406,2,5110,5110#0,2500,-16000,1600,2200,3300,-14900,4197,"-24699,-14576",2048,"1754,-14789",Z,Z,Z,Z,+X,1000,0,"1,0",yaw,9,3,170,125,2,2,170,125,173,125,3,Wandlinie
5120,2,0x143a,0,5050,5050#0,-24900,-1500,1600,2300,-24100,-350,0,"-25600,-18400",1231,"-24594,-969",Z,Z,,Z,+X,1050,207,"1,0",sca,9,3,139,109,0,2,140,110,139,110,-1,Wandlinie
5120,3,0x145a,0,5060,5060#0,-22200,-25900,1600,4100,-21400,-23850,3680,"-25500,-11100",2539,"-22300,-22300",Z,Z,,Z,+X,600,491,"1,0",sca,9,3,142,135,0,2,143,135,143,135,,ausserhalb
5130,0,0x09be,2,5110,5110#2,2100,-6500,900,1700,2550,-5650,1699,"-5588,-15479",2048,"1700,-5700",Z,Z,Z,Z,+X,750,0,"1,0",yaw,9,4,135,123,2,2,132,120,134,120,2,Wandlinie
5130,1,0x09de,2,6020,6020#0,-29350,12300,900,2000,-28900,13300,3072,"-4500,2300",0,"-28150,13250",Z,Z,Z,Z,-X,600,0,"-1,0",yaw,9,4,87,100,0,2,87,100,82,100,5,Wandlinie
5130,2,0x09fe,2,6020,6020#1,-29350,-25650,900,2000,-28900,-24650,3072,"-4050,-16800",0,"-28150,-24750",Z,Z,Z,Z,-X,600,0,"-1,0",yaw,9,4,87,147,0,2,87,140,82,140,5,Wandlinie
5140,0,0x1a5e,2,50B0,50B0#0,9990,-10850,5050,1640,12515,-10030,3072,"-14100,-26150",1080,"15368,-9944",X,Z,X,X,+X,50,56,"0,-1",yaw,9,6,145,151,2,0,141,148,141,148,,Innenflaeche
5140,1,0x1a7e,2,5110,5110#3,-14170,4660,3400,1500,-12470,5410,3350,"-15020,-25030",1024,"-12117,4472",X,X,X,X,+Z,500,0,"0,-1",yaw,9,6,114,133,0,0,113,133,113,132,1,Wandlinie
6000,0,0x0d58,2,50B0,50B0#1,2000,2200,1600,1100,2800,2750,1024,"-17400,-6850",1024,"5200,1600",X,X,X,X,+Z,1750,0,"0,-1",yaw,,,,,,0,,,,,,
6000,1,0x0d78,2,6010,6010#0,-5350,-9250,900,1800,-4900,-8350,2048,"-6100,-8250",0,"-4200,-8450",Z,Z,Z,Z,-X,500,0,"-1,0",yaw,,,,,,2,,,,,,
6000,2,0x0db8,2,6010,6010#1,-5350,-21300,900,1800,-4900,-20400,2048,"-6100,-20900",0,"-4200,-20500",Z,Z,Z,Z,-X,500,0,"-1,0",yaw,,,,,,2,,,,,,
6000,3,0x0dda,2,6030,6030#2,693,-11104,2140,854,1763,-10677,1100,"-17970,-20380",3072,"1693,-10054",X,X,X,X,-Z,550,0,"0,1",yaw,,,,,,0,,,,,,
6010,0,0x0f4c,2,6000,6000#1,-5650,-9150,870,2225,-5215,-8038,0,"-4200,-8450",2048,"-6100,-8250",Z,Z,Z,Z,+X,750,0,"1,0",yaw,12,5,257,87,2,2,257,87,257,87,,Innenflaeche
6010,1,0x0f88,0,6000,6000#2,-5650,-21750,870,2225,-5215,-20638,0,"-4200,-20500",2048,"-6100,-20900",Z,Z,Z,Z,+X,750,0,"1,0",yaw,12,5,257,115,2,2,257,114,263,114,6,Wandlinie
6010,1,0x0fac,2,6000,6000#2,-5650,-21750,870,2225,-5215,-20638,0,"-4200,-20500",2048,"-6100,-20900",Z,Z,Z,Z,+X,750,0,"1,0",yaw,12,5,257,115,2,2,257,114,263,114,6,Wandlinie
6010,2,0x0fce,2,5080,5080#0,-27450,-26700,870,2225,-27015,-25588,2048,"-9950,-18200",0,"-26350,-25900",Z,Z,Z,Z,-X,500,0,"-1,0",yaw,12,5,205,125,2,2,206,125,206,125,,ausserhalb
6020,0,0x0b46,2,5130,5130#1,-5500,850,2000,1000,-4500,1350,0,"-28150,13250",3072,"-4500,2300",X,X,X,X,-Z,1000,0,"0,1",yaw,12,6,117,167,0,0,116,162,116,167,5,Wandlinie
6020,1,0x0b66,2,5130,5130#2,-5050,-18200,2000,1000,-4050,-17700,0,"-28150,-24750",3072,"-4050,-16800",X,X,X,X,-Z,900,0,"0,1",yaw,12,0,168,146,0,0,167,143,167,143,,Innenflaeche
6030,0,0x0c32,2,6030,6030#1,-5100,-24200,900,1700,-4650,-23350,2048,"-9600,-23450",0,"-3873,-23487",Z,Z,Z,Z,-X,500,0,"-1,0",yaw,12,1,91,121,0,2,86,117,91,117,-5,Wandlinie
6030,1,0x0c52,2,6030,6030#0,-9300,-24200,900,1400,-8850,-23500,0,"-3873,-23487",2048,"-9600,-23450",Z,Z,Z,Z,-X,350,0,"1,0",yaw,12,1,82,121,0,2,78,118,78,118,,Innenflaeche
6030,2,0x0c72,2,6000,6000#3,-18700,-20800,1500,1200,-17950,-20200,3072,"1693,-10054",1100,"-17970,-20380",X,X,X,X,+Z,500,76,"0,-1",yaw,12,1,62,114,0,0,60,112,60,109,3,Wandlinie
6030,3,0x0c92,2,5090,5090#1,-27650,-24250,900,2000,-27200,-23250,2048,"27200,4900",0,"-26450,-23350",Z,Z,Z,Z,-X,600,0,"-1,0",yaw,12,1,43,120,2,2,43,117,39,117,4,Wandlinie
