E__zeichenkette_ende_Z199_notin	1	08	1.4	8723638a013c
E__zeichenkette_ende_Z202_le	1	02	1.3	a66e8076567e
E__zeichenkette_ende_Z202_ge	1	03	1.4	7800eb413cda
E__ohne_kommentare_Z214_le	1	04	1.5	57859fa3301c
E__ohne_kommentare_Z216_notin	1	07	1.3	243f9b8d78a6
E__zeichenkette_ende_Z201_le	1	73	8.2	f5ec6b7100d3
B__zeichenkette_ende_Z208	1	73	8.3	0f752b2293d0
E__klammer_ende_Z244_notin	1	04	1.3	084f68adc529
E__klammer_ende_Z259_notin	1	04	1.3	07e3ac8faf45
E__klammer_ende_Z261_notin	1	01	1.3	951732a89eb5
B__klammer_ende_Z267	1	72	8.2	7b64aa8ff051
E__klammer_ende_Z242_le	1	72	8.8	bb1545ed4ad7
E__klammer_ende_Z262_lt	1	71	8.8	b949440e413f
E__klammer_ende_Z262_gt	1	70	8.4	b4a5f5d32e22
H__klammer_ende_Z264	1	06	1.6	21406cfcd895
E__anweisungen_Z273_le	1	01	1.5	f9db688ad8d8
E__anweisungen_Z275_notin	1	05	1.6	bcb70c13f23f
E__anweisungen_Z278_notin	1	02	1.2	074e59235f22
E__anweisungen_Z280_notin	1	01	1.2	de556f8572c1
B__klammer_ende_Z263	1	71	8.6	7f4ebb0a2180
F__anweisungen_Z282_ohne0	1	07	1.0	a0acd30e4a91
F__anweisungen_Z282_ohne1	1	07	1.0	762c1b36def6
H__anweisungen_Z282	1	01	1.1	a431029bf361
E__anweisungen_Z282_notin	1	05	1.1	7856aaba0dc4
E_gradle_baeume_Z300_gt	1	62	8.4	4bfe234e2fea
E_gradle_baeume_Z300_lt	1	63	8.5	3943b7aca279
I_gradle_baeume_Z300_plus1	1	05	2.2	1e07f80f7bd5
I_gradle_baeume_Z300_minus1	1	05	2.6	5b1f7c4f784b
B_gradle_baeume_Z301	1	62	13.7	11e6f41d74e1
F_gradle_baeume_Z340_ohne1	1	69	11.1	0893b788c39b
F_gradle_baeume_Z340_ohne0	1	182	27.2	dd1563ffb472
E_gradle_baeume_Z311_le	1	08	1.2	50ce2f616074
E_gradle_baeume_Z311_ge	1	01	1.4	42a216af0191
B_gradle_baeume_Z341	1	69	7.4	3d4f24f316aa
E_gradle_baeume_Z340_lt	1	183	16.7	2e391be5b568
I_gradle_baeume_Z340_plus1	1	01	0.9	20ea053ed117
E_gradle_baeume_Z340_gt	1	182	16.0	e77e210723d3
I_gradle_baeume_Z340_minus1	1	01	0.8	4796299ae8ad
E_gradle_baeume_Z340_gt_2	1	69	7.9	8af134ceb0db
I_gradle_baeume_Z340_plus1_2	1	05	1.2	c7c2082d7d6f
I_gradle_baeume_Z340_minus1_2	1	05	1.2	96035b8bdb1b
H_gradle_baeume_Z313	1	05	1.0	b3f597db0941
E_gradle_baeume_Z340_lt_2	1	184	15.8	ac18162dba32
E_gradle_baeume_Z328_isnot	1	01	0.8	cc90661674b6
B_gradle_baeume_Z314	1	64	5.0	b5756689ee8b
F_gradle_baeume_Z317_ohne0	1	05	1.0	913fc80055c6
B_gradle_baeume_Z329	1	66	7.3	a1817e1e8de0
F_gradle_baeume_Z317_ohne1	1	67	7.4	e80aea03debf
F_gradle_baeume_Z321_ohne0	1	66	6.7	8d15f37b9d05
H_gradle_baeume_Z302	1	62	6.3	998bd1c2cfc5
E_gradle_baeume_Z321_isnot	1	01	1.1	62f7bdbb824c
F_gradle_baeume_Z321_ohne1	1	181	15.4	3b46fe04a290
F_gradle_baeume_Z322_ohne1	1	02	1.1	19e316bc8dff
F_gradle_baeume_Z322_ohne0	1	68	5.7	539d9a162724
E_gradle_baeume_Z335_notin	1	02	1.1	a9bfff087f39
B_gradle_baeume_Z326	1	65	6.8	be9632e6aaf1
B_gradle_baeume_Z338	1	27	3.6	339454d83746
B__klammer_ende_Z257	1	74	130.2	59637712bd13
H_gradle_baeume_pruefen_Z348	1	04	1.2	40060858b3cb
B_gradle_baeume_pruefen_Z349	1	28	4.3	69777cfa4a05
E_gradle_baeume_pruefen_Z354_lt	1	24	4.0	7ba21006d515
E__ant_passt_Z375_is	1	-	0.2	8211354eec0b
E__ant_passt_Z378_le	1	-	0.2	421a7c721ee7
E_gradle_baeume_pruefen_Z354_gt	1	25	4.2	e6190ae51862
E__ant_passt_Z380_le	1	-	0.4	c57b8dc58550
E__ant_passt_Z380_ge	1	-	0.4	1bb509d86bf0
F__ant_passt_Z382_ohne0	1	-	0.3	12d23c4b90f1
F__ant_passt_Z382_ohne1	1	-	0.3	8d3ee361ce78
F__ant_passt_Z382_ohne2	1	-	0.2	984289fe21b8
E__ant_passt_Z379_le	1	-	0.3	56adc377d1f1
B_gradle_baeume_pruefen_Z362	1	24	3.7	395f40bb348d
E__ant_passt_Z382_le	1	-	0.2	be31c7ede338
E__ant_passt_Z374_le	1	-	0.2	41ef0cf1b9ea
E__ant_passt_Z374_ge	1	-	0.3	cb63180b72a8
E__ant_passt_Z374_le_2	1	-	0.4	343535819bec
E__ant_passt_Z374_ge_2	1	-	0.4	31f6ea4c20a1
F__auslass_hinweis_Z397_ohne0	1	-	0.3	a94f4f85e610
F__auslass_hinweis_Z397_ohne1	1	-	0.5	51d8c2007e25
F__auslass_hinweis_Z397_ohne2	1	-	0.3	3226b0d6649e
F__auslass_hinweis_Z399_ohne0	1	-	0.3	0f501c4669ef
F__auslass_hinweis_Z399_ohne1	1	-	0.3	0d49c4814281
F__auslass_hinweis_Z397_ohne0_2	1	-	0.2	253295268fbf
F__auslass_hinweis_Z397_ohne1_2	1	-	0.3	2728ffc55916
F__auslass_hinweis_Z397_ohne0_3	1	-	0.3	ea1bedc66c08
F__auslass_hinweis_Z397_ohne1_3	1	-	0.3	9bf59180f33e
E__auslass_hinweis_Z399_notin	1	-	0.4	587a49c4d287
H_quelldateien_Z418	1	01	1.4	e06e930295d5
A_quelldateien_Z419	1	20	6.1	a652e7a7bac4
H_quelldateien_Z431	1	01	2.3	b68fcd439179
A_quelldateien_Z432	1	19	4.1	57afa6710888
H_quelldateien_Z436	1	02	1.4	0973f332d076
A_quelldateien_Z437	1	19	2.7	8ba714e49717
E__ant_passt_Z378_ge	0	-	26.2	28a6a9e79da6
E__ant_passt_Z379_ge	0	-	25.9	dcf813bf8aca
F_quelldateien_Z440_ohne0	1	21	2.7	c34fe799a54c
H_quelldateien_Z440	1	01	2.1	42d7439a22a0
A_quelldateien_Z441	1	21	3.6	ea5dfc89bc0c
H_quelldateien_Z440_2	1	02	2.1	c2b8c61d3f77
F_quelldateien_Z427_ohne0	1	03	1.9	3976df78eae3
F_quelldateien_Z427_ohne1	1	03	1.9	5f8cb1f62531
H_quelldateien_Z427	1	03	1.6	9557fb40fbcd
F_quelldateien_Z434_ohne0	1	19	4.0	59b45bc57011
F_quelldateien_Z440_ohne1	1	192	23.7	018548cd3d07
E_quelldateien_Z435_in	1	03	2.1	14bf99983e8e
E_wurzel_pruefen_Z450_in	1	03	1.8	1e63be806e01
F_quelldateien_Z434_ohne1	1	193	28.0	1d1fd6e2cca0
H__c_lesen_Z459	1	05	3.0	aea520a59244
F_quelldateien_Z434_ohne2	1	193	29.6	c5ba7413f02d
E__c_ohne_kommentare_Z468_le	1	02	2.8	3438659ec2b3
E__c_ohne_kommentare_Z470_le	1	02	2.3	f543299d0ae1
E__c_ohne_kommentare_Z470_ge	1	01	2.6	b4e86c1ef970
H__c_ohne_kommentare_Z472	1	03	2.0	89778b5bbe91
A_wurzel_pruefen_Z451	1	128	24.3	cbcfc386284a
B__c_lesen_Z460	1	107	19.0	d8dbb0bd015d
B__c_ohne_kommentare_Z473	1	124	21.3	d8a8e51824f7
E_c_struktur_Z503_lt	1	111	27.4	672941d98e56
I_c_struktur_Z503_plus1	1	06	3.4	7ee17ed18592
I_c_struktur_Z503_minus1	1	05	3.0	d9a66e815f91
E_c_struktur_Z503_gt	1	110	25.7	07c9e71fc6dc
H_c_struktur_Z508	1	02	2.6	44945bcc672e
H_c_struktur_Z511	1	03	2.6	0b268c7bb4c5
B_c_struktur_Z504	1	110	27.3	d1bb3e5bd44c
H_c_struktur_Z515	1	02	4.2	3c015c22d0ab
B_c_struktur_Z512	1	112	32.2	674ccafd88a3
B_c_struktur_Z516	1	113	20.7	903675c33ad1
B__c_werte_Z550	1	115	18.2	8514fdcdaa1a
H__c_werte_Z534	1	02	2.5	943cba3f62f6
E__c_werte_Z529_le	1	115	22.2	cbe05bb5ee91
H__c_werte_Z544	1	08	2.3	10d17924d4d1
E__c_werte_Z546_is	1	02	2.4	23973f723bc9
E__c_werte_Z548_is	1	05	2.1	f6274df5730c
B__c_werte_Z535	1	114	19.8	257d2d6798a9
E_c_tabelle_Z558_lt	1	126	18.3	1e6837bc6e67
B__c_ohne_kommentare_Z480	1	125	141.6	fc1a3f0ba917
I_c_tabelle_Z558_plus1	1	04	2.1	61bb6943c5ab
I_c_tabelle_Z558_minus1	1	01	2.0	04be11382e97
E_c_tabelle_Z558_gt	1	127	20.7	0a2afecfb6b3
H_c_tabelle_Z563	1	05	2.5	6e8fc6bebe33
B_c_tabelle_Z559	1	126	19.2	8e33d88d1b02
B_c_tabelle_Z564	1	116	17.0	153a52491e75
E_c_tabelle_Z566_lt	1	152	23.0	73593d545ecb
H_c_tabelle_Z571	1	01	3.1	980c6f4b915b
E_c_tabelle_Z566_gt	1	103	22.0	4e0a001309d4
B_c_tabelle_Z567	1	103	22.5	e9906c90704b
E_c_tabelle_Z573_ge	1	01	2.4	e6cdd1cf9f52
F_c_tabelle_Z578_ohne0	1	01	2.3	3951cc501210
F_c_tabelle_Z578_ohne1	1	01	2.0	2d5a0bb51981
E_c_tabelle_Z577_le	1	01	1.5	4a527a79e0e2
E_c_tabelle_Z578_notin	1	05	1.5	9a1ea4c77d95
B_c_tabelle_Z572	1	117	21.8	26128fe39526
B_c_tabelle_Z574	1	105	13.7	18c1f7098221
F_c_tabelle_Z580_ohne0	1	118	16.5	7650e9794f17
F_c_tabelle_Z580_ohne1	1	119	16.1	0b8bc2f1dc42
H_c_tabelle_Z580	1	07	2.5	6dbcb067ebfe
E_c_tabelle_Z579_isnot	1	08	2.9	b96ba02dac18
B_c_tabelle_Z581	1	118	18.4	33a6d36deb66
F_c_tabelle_Z584_ohne0	1	120	23.3	6c6704284f5d
E_c_tabelle_Z580_gt	1	119	24.1	f7651ec2491e
F_c_tabelle_Z584_ohne1	1	121	21.1	e98bfb87cef8
H_c_tabelle_Z589	1	02	1.3	018e91d6144c
F_c_tabelle_Z584_ohne2	1	122	14.0	7e4736ae0bee
B_c_tabelle_Z585	1	120	13.8	2b32da8fcc03
E_c_tabelle_Z583_isnot	1	01	1.0	211b38f6a155
H_c_tabelle_Z584	1	01	1.0	53938d9982d1
B_c_tabelle_Z590	1	123	12.9	774270f0d083
E_c_tabelle_Z584_ge	1	01	1.0	3db2e980a357
H_c_tabelle_Z584_2	1	01	1.2	72acccb6af75
E_c_tabelle_Z588_isnot	1	05	1.0	d65642bf9414
H_tuer_soll_Z614	1	05	1.0	2f80141a2bff
B_tuer_soll_Z627	1	104	14.4	51af28d30f59
F_tuer_soll_Z637_ohne0	1	109	15.1	838b8f50e01f
B_tuer_soll_Z615	1	189	22.1	0997137fc131
F_tuer_soll_Z637_ohne1	1	108	13.5	61733f0fbcce
B_tuer_soll_Z638	1	109	13.7	ad928e941d36
E_tuer_soll_Z644_lt_op0	1	150	17.6	2940a7e18f86
E_tuer_soll_Z644_le_op1	1	102	12.4	159c94b09a5c
H_tuer_soll_Z661	1	01	1.2	49ca7be7b99a
A_tuer_soll_Z647	1	102	12.0	901ac398c3bf
E_tuer_soll_Z669_le	1	01	1.5	fb81e50b9aa8
E_tuer_soll_Z672_isnot	1	02	1.2	c44ffefb42ee
H_tuer_soll_Z674	1	01	1.8	49880e4ac247
H_tuer_soll_Z637	1	02	3.6	075102351de9
E_tuer_soll_Z637_notin	1	04	3.2	97ffe767359c
F_tuer_soll_Z656_ohne0	1	03	2.2	16cba7c5276c
F_tuer_soll_Z656_ohne1	1	01	2.2	e5384ffb5a42
E_tuer_soll_Z663_ge	1	02	1.8	92c32d4080b6
E_tuer_soll_Z676_ge	1	02	1.9	92dc7faf70c8
A_tuer_soll_Z664	1	100	13.5	642c3c76470e
E_tuer_soll_Z625_in	1	04	1.1	04c1f1109f50
A_tuer_soll_Z677	1	101	12.6	244da8cc4399
E_tuer_soll_Z656_ge	1	03	1.6	4f8fc84f6f5c
E_tuer_soll_Z656_le_2	1	01	1.9	ca07a04c6764
E_tuer_soll_Z669_ge	0	-	28.0	78672491b86a
E_tuer_soll_Z656_ge_2	1	03	2.1	cd88455400af
E_tuer_soll_Z656_le	1	98	12.1	92b26fd5534c
E_tuer_soll_Z665_lt	1	99	14.0	05b203a8a8b8
E_tuer_soll_Z652_le	1	03	2.6	997433981f0a
E_tuer_soll_Z652_ge	1	02	2.0	ef30b3694529
A_tuer_soll_Z667	1	99	14.3	c4286ee19a9b
E_tuer_soll_Z665_gt	1	151	20.3	e6e5c3e4c807
H_tueren_pruefen_Z701	1	02	2.3	ca286ccc6304
A_tueren_pruefen_Z719	1	89	11.6	0197f6ab19ef
A_tueren_pruefen_Z702	1	86	12.5	a48200c96152
F_tueren_pruefen_Z706_ohne0	1	145	19.9	e593e7a8f784
F_tueren_pruefen_Z706_ohne1	1	93	13.8	0d743ef2f171
F_tueren_pruefen_Z706_ohne2	1	92	12.8	ba204392cff5
A_tueren_pruefen_Z707	1	87	13.2	5e7d98df6f14
E_tueren_pruefen_Z706_lt	1	146	19.7	d2f014cc396a
E_tueren_pruefen_Z706_gt	1	145	21.4	bdf0fe39e22e
E_tueren_pruefen_Z706_ge	1	01	2.9	c78bbc184ee9
E_tueren_pruefen_Z706_gt_2	1	93	17.9	edb4ce93685e
E_tueren_pruefen_Z706_lt_2	1	147	25.0	d320e1beaba7
E_tueren_pruefen_Z713_lt	1	88	15.5	cd7f7d5c342f
A_tueren_pruefen_Z714	1	88	12.8	5abecde0ca9f
E_tueren_pruefen_Z713_gt	1	148	20.1	d6a5dbd61b28
H_paket_pruefen_Z752	1	130	17.6	b99c0f99ec3e
B_paket_pruefen_Z753	1	135	17.5	1653aa54613c
H_paket_pruefen_Z760	1	130	16.5	431432604b18
A_paket_pruefen_Z761	1	130	16.8	1ea022e1f085
E_paket_pruefen_Z765_lt	1	185	30.0	fffe6a7aabc1
E_paket_pruefen_Z765_gt	1	132	23.9	25653ff3c114
A_paket_pruefen_Z766	1	132	22.5	b8fa1311e159
E__sammler_Z819_in	1	05	2.0	1f0e3a6c8de2
A_paket_pruefen_Z777	1	133	18.3	a69748686ae0
E_paket_pruefen_Z776_in	1	131	18.9	306d40f82b1d
E_zip_verzeichnis_Z905_gt	1	59	10.3	e62e9be4affb
E__befunde_ausgeben_Z836_ge	1	188	27.8	a1e62270d0d0
F_zip_verzeichnis_Z868_ohne0	1	22	3.9	e9f59c8c5fdb
B_zip_verzeichnis_Z906	1	59	8.5	0a75428a20a7
B_zip_verzeichnis_Z869	1	22	3.8	9b121ffda180
E_zip_verzeichnis_Z905_lt	1	194	24.0	40127404a62c
F_zip_verzeichnis_Z868_ohne1	1	54	7.7	d774952c85ae
E_zip_verzeichnis_Z875_ge	1	01	1.5	48e6c24bcc65
I_zip_verzeichnis_Z875_minus1	1	03	1.6	82d7c012ff4a
E_zip_verzeichnis_Z878_le	1	07	1.6	28effa3cbeea
I_zip_verzeichnis_Z878_plus1	1	03	1.8	defdbd1e0f44
I_zip_verzeichnis_Z875_plus1	1	55	8.5	a71fa84b9efe
B_zip_verzeichnis_Z876	1	55	8.8	bae4d9d8cfd8
I_zip_verzeichnis_Z878_minus1	1	79	11.7	d7e90b12e299
B_zip_verzeichnis_Z879	1	79	11.8	4b26b7413c65
E_zip_verzeichnis_Z882_gt	1	84	13.4	e1115a9558a9
E_zip_verzeichnis_Z886_le	1	01	1.4	3eda68962f2c
B_zip_verzeichnis_Z883	1	84	13.1	4acddcc43eb1
E_zip_verzeichnis_Z886_ge	1	06	1.3	9f17db5f8e77
E_zip_verzeichnis_Z882_lt	1	190	25.6	4411f8d729ce
F_zip_verzeichnis_Z887_ohne1	1	56	9.2	27c54905dfd4
F_zip_verzeichnis_Z887_ohne0	1	143	20.6	71ddf3fd70f2
F_zip_verzeichnis_Z887_ohne2	1	179	23.8	87f0f479ec73
F_zip_verzeichnis_Z887_ohne3	1	140	19.8	271141ad3a28
B_zip_verzeichnis_Z889	1	56	8.1	9058c58540e2
F_zip_verzeichnis_Z887_ohne4	1	141	17.5	dfaf7a47c04a
E_zip_verzeichnis_Z891_ge	1	03	1.5	a8f872e8e52d
F_zip_verzeichnis_Z887_ohne5	1	142	16.7	aae8ae1e9fcb
B_zip_verzeichnis_Z892	1	58	7.0	b2ae005e9538
F_zip_verzeichnis_Z898_ohne1	1	57	8.1	67e68e62a8b7
B_zip_verzeichnis_Z899	1	57	6.9	0919a167e57e
F_zip_verzeichnis_Z898_ohne0	1	144	15.0	31755084b50b
I_zip_verzeichnis_Z868_minus1	1	22	3.8	62d2005cc905
E_zip_verzeichnis_Z868_le_2	1	06	1.8	49290f6f1c43
E_zip_verzeichnis_Z887_notin	1	02	2.8	92514a45bd88
I_zip_verzeichnis_Z887_plus1	1	56	15.0	4e035ef34d52
E_zip_verzeichnis_Z868_le	1	191	32.2	133a9852b193
E_zip_verzeichnis_Z887_notin_2	1	08	2.5	03995c891219
I_zip_verzeichnis_Z868_plus1	1	191	33.8	59392cb70613
I_zip_verzeichnis_Z887_minus1	1	56	10.5	81437c98c47c
I_zip_verzeichnis_Z887_minus1_2	1	179	23.7	976f3e0847fc
I_zip_verzeichnis_Z887_plus1_2	1	179	24.4	517bb8d8c601
E_zip_verzeichnis_Z888_lt	1	195	25.4	2bcc1d1714a0
E_zip_verzeichnis_Z898_lt	1	57	11.2	230a26e082b7
E_zip_verzeichnis_Z888_gt	1	142	21.2	1e492a4d3085
E__name_fehler_Z914_notin	1	07	1.7	dc4be3ac6e57
E_zip_verzeichnis_Z898_ge	1	196	27.3	27c509456cad
E__name_fehler_Z920_notin	1	01	1.5	2542480d50d6
C__name_fehler_Z915	1	40	6.4	cbe2d0caf27a
C__name_fehler_Z921	1	39	7.7	3639f9f608f1
C__name_fehler_Z924	1	42	7.5	646d0bc68401
E_zip_verzeichnis_Z898_gt	1	197	26.0	9dc41cca1ca4
F__name_fehler_Z926_ohne0	1	43	7.4	43a176ba34ca
C__name_fehler_Z927	1	43	7.3	3207f363d1d3
E__name_fehler_Z926_notin	1	03	1.7	86f72c9a25c2
C__name_fehler_Z919	1	41	6.7	e4911b4dc9f0
F__name_fehler_Z926_ohne1	1	157	19.6	027461c0cef5
F__name_fehler_Z923_ohne0	1	42	6.9	07606bed9ecd
E__name_fehler_Z923_le	1	01	2.0	62af8635db3b
I__name_fehler_Z923_plus1	1	02	2.1	bca9acd06185
E__name_fehler_Z923_le_2	1	03	1.7	dd2dae6db076
E__name_fehler_Z923_ge	1	03	2.3	e3ce5f71d916
F__name_fehler_Z923_ohne1	1	156	18.6	fa33264ba805
I__name_fehler_Z923_minus1_2	1	01	2.4	309fffb8bc14
E__name_fehler_Z926_notin_2	1	01	2.0	d7a65ca6e406
I__name_fehler_Z923_minus1	1	155	19.6	22e93a84e260
A_struktur_pruefen_Z938	1	39	5.7	9f31ae858ae4
I__name_fehler_Z923_plus1_2	1	156	18.8	327415b50b20
F_struktur_pruefen_Z944_ohne1	1	47	6.9	0d653217fd49
A_struktur_pruefen_Z945	1	47	7.5	6ace19ea8c53
E_struktur_pruefen_Z949_lt	1	46	7.0	60040c737e04
F_struktur_pruefen_Z944_ohne0	1	169	19.0	bdcb36aa2c6d
A_struktur_pruefen_Z950	1	46	6.8	15bec274fdea
E_struktur_pruefen_Z961_lt	1	45	7.1	b14cd17227cd
A_struktur_pruefen_Z956	1	81	11.0	261ef7082152
E_struktur_pruefen_Z949_gt	1	170	20.1	1498068e6a8c
E_struktur_pruefen_Z961_gt	1	44	6.5	1e2b3121c885
G_struktur_pruefen_Z961_ohne0	1	44	9.2	96718fb7d08f
G_struktur_pruefen_Z961_ohne2	1	45	9.8	f31db42d5cc9
A_struktur_pruefen_Z962	1	44	7.8	d0a191fa4edb
E_struktur_pruefen_Z968_ge	1	01	1.5	85b632a935fb
A_struktur_pruefen_Z969	1	50	7.1	0cf664c6dc81
A_struktur_pruefen_Z973	1	48	6.8	97d90605da96
G_struktur_pruefen_Z961_ohne1	1	173	23.3	ef91441bc8f6
E_struktur_pruefen_Z975_in	1	05	1.5	e0a1c391bc4b
E_struktur_pruefen_Z981_ge	1	02	1.6	f1a08a225853
I_struktur_pruefen_Z981_minus1	1	02	1.8	996bbe05b444
I_struktur_pruefen_Z981_plus1	1	13	2.9	01337d9ed7c7
A_struktur_pruefen_Z982	1	13	2.2	d1b4379b36e8
E_struktur_pruefen_Z944_le	1	08	1.4	818894fd6c92
A_struktur_pruefen_Z976	1	49	6.1	7eb16fc77239
H__eintrag_lesen_Z994	1	01	2.0	06103bdf5c09
E__eintrag_lesen_Z997_ge	1	03	1.6	7b75b5f38fee
E_struktur_pruefen_Z944_lt	1	47	7.0	b37039b575b6
E__eintrag_lesen_Z1001_is	2	-	0.5	5e87b177058a
E__eintrag_lesen_Z1020_is	1	01	1.5	0bcbb101e28d
B__eintrag_lesen_Z998	1	75	10.0	ce90d280509d
H__eintrag_lesen_Z1010	1	03	1.4	56713902f6b8
B__eintrag_lesen_Z1026	1	60	8.5	158ad644f050
E__eintrag_lesen_Z1014_isnot	2	-	0.2	449eaf3d1820
E_struktur_pruefen_Z944_gt	1	198	20.9	d5ff78e94f02
F__eintrag_lesen_Z1022_ohne1	1	52	9.0	cc2234885aa1
B__eintrag_lesen_Z1023	1	52	12.0	46e983dd6672
E__eintrag_lesen_Z1027_is	1	01	2.3	ef392bacb590
F__eintrag_lesen_Z1022_ohne0	1	180	27.4	db6eeeda976c
H__eintrag_lesen_Z1022	1	01	2.7	0542eb80d578
F__eintrag_pruefen_Z1037_ohne0	1	12	3.8	46c32e3b090a
F__eintrag_pruefen_Z1037_ohne1	1	78	9.6	21e198b9d79b
A__eintrag_pruefen_Z1038	1	12	2.2	d6b8cffd4b74
H__eintrag_lesen_Z1024	1	180	19.7	8f7a4bc8af98
E__eintrag_pruefen_Z1037_lt	1	12	2.7	3ddbe16c56b6
A__eintrag_pruefen_Z1035	1	51	5.5	2ecceb4dbd15
E__eintrag_pruefen_Z1037_gt	1	199	30.2	0a460766ec05
E__eintrag_pruefen_Z1037_lt_2	0	-	33.9	3e7b5d3820d1
E__eintrag_pruefen_Z1037_gt_2	1	77	9.3	74c54fc0e480
E_manifest_pruefen_Z1065_ge	1	138	29.5	cc2fe9fde4fc
A_manifest_pruefen_Z1066	1	139	28.7	2819a2e4da3e
A_manifest_pruefen_Z1069	1	15	5.0	82e7e4f966a5
H_manifest_pruefen_Z1114	1	03	2.9	379020b6ef1d
A_manifest_pruefen_Z1115	1	38	10.3	fa50921fe86c
A_manifest_pruefen_Z1074	1	35	10.8	c2944200f6ae
H_manifest_pruefen_Z1085	1	01	3.1	40d6889f26ba
A_manifest_pruefen_Z1088	1	36	9.6	1cdc7386d47a
E_manifest_pruefen_Z1091_in	1	01	2.9	203ea8234216
A_manifest_pruefen_Z1092	1	17	5.7	4ad31b4b87f5
H_manifest_pruefen_Z1096	1	08	3.4	456a3e47152c
A_manifest_pruefen_Z1097	1	34	7.9	4ff8c8023f30
F_manifest_pruefen_Z1100_ohne0	1	161	20.0	4df8d9f9541e
F_manifest_pruefen_Z1100_ohne1	1	18	2.5	6ab0a859bd3c
A_manifest_pruefen_Z1101	1	18	3.3	46760c789f65
E_manifest_pruefen_Z1104_le	1	160	13.8	b7e180f5e9c3
E_manifest_pruefen_Z1104_ge	1	01	1.1	8caae0f80ad4
A_manifest_pruefen_Z1105	1	37	3.8	d7cada648260
E_manifest_pruefen_Z1107_notin	1	02	1.1	af9dcf04104c
A_manifest_pruefen_Z1108	1	33	3.3	e3025d6b133c
E_manifest_pruefen_Z1120_lt	1	14	1.7	2d6534dc2921
E_manifest_pruefen_Z1120_gt	1	163	13.1	2078e9f60742
G_manifest_pruefen_Z1120_ohne0	1	14	2.0	a9220a0999b8
G_manifest_pruefen_Z1120_ohne1	1	162	13.1	18fe0038cebd
A_manifest_pruefen_Z1121	1	14	1.8	056d602f740b
E_manifest_pruefen_Z1125_in	1	08	1.1	70d81f8b7bc6
A_manifest_pruefen_Z1126	1	32	4.2	e251c2860dd5
E_manifest_pruefen_Z1133_in	1	02	1.2	5d0a5f0ca957
A_manifest_pruefen_Z1134	1	09	1.8	1f28d4f38683
B__eintrag_lesen_Z1012	-9	-	300.3	22f2ec1d36c3
E_manifest_pruefen_Z1100_notin	1	01	1.6	bb0b89363e16
E_manifest_pruefen_Z1128_gt	1	08	2.4	5788045d0c45
A_manifest_pruefen_Z1129	1	08	2.3	980142d878c8
E_manifest_pruefen_Z1100_notin_2	1	08	1.4	15b815e71cb4
E_manifest_pruefen_Z1128_lt	1	76	8.4	4e8eff1713d3
H_pruefen_Z1151	1	01	1.0	31273d3d62a3
E_pruefen_Z1258_is	1	16	2.7	38a9d85084cd
B_pruefen_Z1152	1	23	3.1	123c7e7b1636
E_pruefen_Z1226_isnot	1	01	1.7	c041a5cf3473
H_pruefen_Z1165	1	03	1.2	eac12df290af
A_pruefen_Z1227	1	16	2.9	c14f02cb71db
E_pruefen_Z1185_isnot	1	02	1.2	3a01eb35792e
A_pruefen_Z1187	1	04	1.9	701e765214f8
H_pruefen_Z1190	1	03	1.4	807bd09322ac
A_pruefen_Z1168	1	53	6.2	c431f1a794e7
E_pruefen_Z1193_gt	1	11	2.8	8c424cd1ca93
H__sha_datei_Z1049	1	01	240.7	6c3f54a892c5
A_pruefen_Z1194	1	11	3.7	778104afdebe
E_pruefen_Z1199_isnot	1	01	1.8	0611701775ef
E_pruefen_Z1204_gt	1	05	3.0	32f3617d4b6b
E_pruefen_Z1204_lt	1	31	6.2	71880d78e8b2
A_pruefen_Z1205	1	05	3.3	66c40924e555
E_pruefen_Z1215_isnot	1	08	3.3	795442547e3b
F_pruefen_Z1220_ohne0	1	03	2.1	3a17ab554bef
F_pruefen_Z1220_ohne1	1	03	2.6	5130dbccdc71
A_pruefen_Z1221	1	07	2.2	003082d26744
E_pruefen_Z1193_lt	1	165	20.7	b3206d319ff8
E_pruefen_Z1220_lt	1	07	3.0	cbfde83f621a
E_pruefen_Z1220_gt	1	166	27.7	1c1297693017
F_pruefen_Z1229_ohne1	1	201	32.6	9750af8dd11d
E_pruefen_Z1220_in	1	06	1.8	4551f9ce8158
F_pruefen_Z1229_ohne0	1	202	33.1	0fa18f74a5ba
E_pruefen_Z1229_in	1	08	2.1	980f126f8c7c
E_pruefen_Z1254_notin	1	01	1.8	be70b37be548
E_pruefen_Z1253_notin	1	01	2.1	ca131f85ddcc
E_pruefen_Z1180_is	1	04	2.2	314759cf2d74
F_pruefen_Z1214_ohne1	1	12	3.8	eee24ef113d9
E_pruefen_Z1214_in	1	12	4.5	fad432422a00
E_pruefen_Z1231_lt	1	01	2.8	f91b0f46ef77
F_pruefen_Z1214_ohne0	1	40	7.6	60e654f0ea04
E_pruefen_Z1256_is	1	01	3.1	8551610f69ca
E_pruefen_Z1256_is_2	1	01	3.3	283d601ca076
D1_U3_nur_erster_block	1	-	0.6	986fd7099c71
E_pruefen_Z1257_notin	1	01	3.4	8bffc2dc2b7f
D3_offset_aus_zentralverzeichnis	1	02	2.6	53f68a54cdcd
D2_U4_crc32_statt_sha256	1	31	8.9	73eebd54c67c
D4_namen_wie_zipfile	1	39	12.4	215f91bf1483
D6_manifest_cr_bleibt	1	02	4.4	27d158fbe5ed
D5_lfh_nur_name	1	45	12.5	a9730fa2924b
D8_nur_laenge_statt_crc	1	12	4.5	64d1f6a19f48
E_pruefen_Z1231_gt	1	166	32.6	b83d0f30dc2b
D7_deflate_ende_egal	1	52	10.0	3b71a804b8f8
D9_eocd_von_vorn	1	61	11.1	27f7e91ff53b
D11_zentralverzeichnis_rest_egal	1	59	10.2	346774fcc9ff
D12_lage_egal	1	50	8.3	e4486a4cf0bf
D14_nur_stored_gelesen	1	03	1.8	bd7a313ce768
D13_doppelte_namen_egal	1	13	3.0	066aba7e2ead
D17_manifest_nur_kopf	1	08	3.9	4bcbe5376784
D18_zusatz_nur_ausserhalb_assets	1	06	3.6	3510560ef72e
D16_sha_nur_quelle_ganz	1	29	8.2	cc92256ad659
D15_nicht_assets_nicht_gelesen	1	51	11.8	92b8c23166c5
DM14a_dd_nur_aus_cd	1	81	18.8	38fb072941ac
DM14b_dd_nur_aus_lfh	1	80	18.8	fab5e4337bfd
DM14c_dd_nur_wenn_beide	1	80	17.6	379f2236d816
DM16a_nicht_assets_nur_stored	1	51	13.9	b935272f9682
DM16b_nicht_assets_nur_deflate	1	78	17.0	59af6ff553e6
DV1_verschluesselt_nur_cd	1	175	32.5	8fbfffbbd77b
DV2_verschluesselt_nur_lfh	1	176	26.7	0282aac22be2
DV3_verschluesselt_nur_bit0	1	177	25.7	91370028e1ca
DT2_tuer_fnv_ueber_erste_block	1	01	2.5	1c1666220e52
DT3_griff_ohne_rueckfall	1	02	2.0	414cc8c33a92
DT4_griff_ohne_fuer_eigen	1	02	1.9	7664386a8b7d
DP1_paket_nur_groesse	1	132	16.2	97379f3bf12c
DT1_tuer_ohne_fnv	1	88	11.3	1b335e683fbb
DT5_basis_nicht_verlangt	1	98	12.6	c30e8f81dd55
DT6_zusatzdateien_egal	1	89	11.7	63adaacd35a1
DW1_wurzel_egal	1	128	15.6	df2223184e14
DK1_kopf_mit_unicode_ziffern	1	85	9.6	d5566bf70991
DZ1_praefix_egal	1	84	9.1	a8fd9121d539
