doc,slot,seite,rolle,byteoff_in_FILES_TIM,tim_bytes,bpp,breite,hoehe,clut0,clut_vram,name
0,0,-1,paper,0x000000,33312,8,128,256,0x0000,"0,480",FILE00_title_paper.TIM
0,0,-1,page,0x008220,18496,4,256,144,0x0000,"0,480",FILE00_title_page.TIM
0,1,0,page,0x00D000,18496,4,256,144,0x0000,"0,480",FILE00_p00_page.TIM
0,2,1,page,0x012000,18496,4,256,144,0x0000,"0,480",FILE00_p01_page.TIM
0,3,2,page,0x017000,18496,4,256,144,0x0000,"0,480",FILE00_p02_page.TIM
0,4,3,page,0x01C000,18496,4,256,144,0x0000,"0,480",FILE00_p03_page.TIM
0,5,4,page,0x021000,18496,4,256,144,0x0000,"0,480",FILE00_p04_page.TIM
0,6,5,page,0x026000,18496,4,256,144,0x0000,"0,480",FILE00_p05_page.TIM
1,7,-1,paper,0x02B000,33312,8,128,256,0x0000,"0,480",FILE01_title_paper.TIM
1,7,-1,page,0x033220,22592,4,256,176,0x0000,"0,480",FILE01_title_page.TIM
1,8,0,page,0x039000,22592,4,256,176,0x0000,"0,480",FILE01_p00_page.TIM
1,9,1,page,0x03F000,22592,4,256,176,0x0000,"0,480",FILE01_p01_page.TIM
1,10,2,page,0x045000,22592,4,256,176,0x0000,"0,480",FILE01_p02_page.TIM
1,11,3,page,0x04B000,22592,4,256,176,0x0000,"0,480",FILE01_p03_page.TIM
1,12,4,page,0x051000,22592,4,256,176,0x0000,"0,480",FILE01_p04_page.TIM
1,13,5,page,0x057000,22592,4,256,176,0x0000,"0,480",FILE01_p05_page.TIM
2,14,-1,paper,0x05D000,33312,8,128,256,0x0000,"0,480",FILE02_title_paper.TIM
2,14,-1,page,0x065220,22592,4,256,176,0x0000,"0,480",FILE02_title_page.TIM
2,15,0,page,0x06B000,22592,4,256,176,0x0000,"0,480",FILE02_p00_page.TIM
2,16,1,page,0x071000,22592,4,256,176,0x0000,"0,480",FILE02_p01_page.TIM
3,17,-1,paper,0x077000,33312,8,128,256,0x0000,"0,480",FILE03_title_paper.TIM
3,17,-1,page,0x07F220,22592,4,256,176,0x0000,"0,480",FILE03_title_page.TIM
3,18,0,page,0x085000,22592,4,256,176,0x0000,"0,480",FILE03_p00_page.TIM
3,19,1,page,0x08B000,22592,4,256,176,0x0000,"0,480",FILE03_p01_page.TIM
3,20,2,page,0x091000,22592,4,256,176,0x0000,"0,480",FILE03_p02_page.TIM
4,21,-1,paper,0x097000,33312,8,128,256,0x0000,"0,480",FILE04_title_paper.TIM
4,21,-1,page,0x09F220,22592,4,256,176,0x0000,"0,480",FILE04_title_page.TIM
4,22,0,page,0x0A5000,22592,4,256,176,0x0000,"0,480",FILE04_p00_page.TIM
4,23,1,page,0x0AB000,22592,4,256,176,0x0000,"0,480",FILE04_p01_page.TIM
4,24,2,page,0x0B1000,22592,4,256,176,0x0000,"0,480",FILE04_p02_page.TIM
4,25,3,page,0x0B7000,22592,4,256,176,0x0000,"0,480",FILE04_p03_page.TIM
4,26,4,page,0x0BD000,22592,4,256,176,0x0000,"0,480",FILE04_p04_page.TIM
4,27,5,page,0x0C3000,22592,4,256,176,0x0000,"0,480",FILE04_p05_page.TIM
4,28,6,page,0x0C9000,22592,4,256,176,0x0000,"0,480",FILE04_p06_page.TIM
4,29,7,page,0x0CF000,22592,4,256,176,0x0000,"0,480",FILE04_p07_page.TIM
4,30,8,page,0x0D5000,22592,4,256,176,0x0000,"0,480",FILE04_p08_page.TIM
4,31,9,page,0x0DB000,22592,4,256,176,0x0000,"0,480",FILE04_p09_page.TIM
5,32,-1,paper,0x0E1000,33312,8,128,256,0x0000,"0,480",FILE05_title_paper.TIM
5,32,-1,page,0x0E9220,22592,4,256,176,0x0000,"0,480",FILE05_title_page.TIM
5,33,0,page,0x0EF000,22592,4,256,176,0x0000,"0,480",FILE05_p00_page.TIM
5,34,1,page,0x0F5000,22592,4,256,176,0x0000,"0,480",FILE05_p01_page.TIM
5,35,2,page,0x0FB000,22592,4,256,176,0x0000,"0,480",FILE05_p02_page.TIM
5,36,3,page,0x101000,22592,4,256,176,0x0000,"0,480",FILE05_p03_page.TIM
5,37,4,page,0x107000,22592,4,256,176,0x0000,"0,480",FILE05_p04_page.TIM
5,38,5,page,0x10D000,22592,4,256,176,0x0000,"0,480",FILE05_p05_page.TIM
5,39,6,page,0x113000,22592,4,256,176,0x0000,"0,480",FILE05_p06_page.TIM
5,40,7,page,0x119000,22592,4,256,176,0x0000,"0,480",FILE05_p07_page.TIM
5,41,8,page,0x11F000,22592,4,256,176,0x0000,"0,480",FILE05_p08_page.TIM
5,42,9,page,0x125000,22592,4,256,176,0x0000,"0,480",FILE05_p09_page.TIM
6,43,-1,paper,0x12B000,33312,8,128,256,0x0000,"0,480",FILE06_title_paper.TIM
6,43,-1,page,0x133220,22592,4,256,176,0x0000,"0,480",FILE06_title_page.TIM
6,44,0,page,0x139000,22592,4,256,176,0x0000,"0,480",FILE06_p00_page.TIM
6,45,1,page,0x13F000,22592,4,256,176,0x0000,"0,480",FILE06_p01_page.TIM
6,46,2,page,0x145000,22592,4,256,176,0x0000,"0,480",FILE06_p02_page.TIM
6,47,3,page,0x14B000,22592,4,256,176,0x0000,"0,480",FILE06_p03_page.TIM
6,48,4,page,0x151000,22592,4,256,176,0x0000,"0,480",FILE06_p04_page.TIM
6,49,5,page,0x157000,22592,4,256,176,0x0000,"0,480",FILE06_p05_page.TIM
6,50,6,page,0x15D000,22592,4,256,176,0x0000,"0,480",FILE06_p06_page.TIM
6,51,7,page,0x163000,22592,4,256,176,0x0000,"0,480",FILE06_p07_page.TIM
6,52,8,page,0x169000,22592,4,256,176,0x0000,"0,480",FILE06_p08_page.TIM
6,53,9,page,0x16F000,22592,4,256,176,0x0000,"0,480",FILE06_p09_page.TIM
7,54,-1,paper,0x175000,33312,8,128,256,0x0000,"0,480",FILE07_title_paper.TIM
7,54,-1,page,0x17D220,18496,4,256,144,0x0000,"0,480",FILE07_title_page.TIM
7,55,0,page,0x182000,18496,4,256,144,0x0000,"0,480",FILE07_p00_page.TIM
7,56,1,page,0x187000,18496,4,256,144,0x0000,"0,480",FILE07_p01_page.TIM
7,57,2,page,0x18C000,18496,4,256,144,0x0000,"0,480",FILE07_p02_page.TIM
7,58,3,page,0x191000,18496,4,256,144,0x0000,"0,480",FILE07_p03_page.TIM
7,59,4,page,0x196000,18496,4,256,144,0x0000,"0,480",FILE07_p04_page.TIM
7,60,5,page,0x19B000,18496,4,256,144,0x0000,"0,480",FILE07_p05_page.TIM
7,61,6,page,0x1A0000,18496,4,256,144,0x0000,"0,480",FILE07_p06_page.TIM
8,62,-1,paper,0x1A5000,33312,8,128,256,0x0000,"0,480",FILE08_title_paper.TIM
8,62,-1,page,0x1AD220,18496,4,256,144,0x0000,"0,480",FILE08_title_page.TIM
8,63,0,page,0x1B2000,18496,4,256,144,0x0000,"0,480",FILE08_p00_page.TIM
8,64,1,page,0x1B7000,18496,4,256,144,0x0000,"0,480",FILE08_p01_page.TIM
8,65,2,page,0x1BC000,18496,4,256,144,0x0000,"0,480",FILE08_p02_page.TIM
8,66,3,page,0x1C1000,18496,4,256,144,0x0000,"0,480",FILE08_p03_page.TIM
8,67,4,page,0x1C6000,18496,4,256,144,0x0000,"0,480",FILE08_p04_page.TIM
9,68,-1,paper,0x1CB000,33312,8,128,256,0x0000,"0,480",FILE09_title_paper.TIM
9,68,-1,page,0x1D3220,22592,4,256,176,0x0000,"0,480",FILE09_title_page.TIM
9,69,0,page,0x1D9000,22592,4,256,176,0x0000,"0,480",FILE09_p00_page.TIM
9,70,1,page,0x1DF000,22592,4,256,176,0x0000,"0,480",FILE09_p01_page.TIM
9,71,2,page,0x1E5000,22592,4,256,176,0x0000,"0,480",FILE09_p02_page.TIM
9,72,3,page,0x1EB000,22592,4,256,176,0x0000,"0,480",FILE09_p03_page.TIM
9,73,4,page,0x1F1000,22592,4,256,176,0x0000,"0,480",FILE09_p04_page.TIM
9,74,5,page,0x1F7000,22592,4,256,176,0x0000,"0,480",FILE09_p05_page.TIM
9,75,6,page,0x1FD000,22592,4,256,176,0x0000,"0,480",FILE09_p06_page.TIM
10,76,-1,paper,0x203000,33312,8,128,256,0x0000,"0,480",FILE10_title_paper.TIM
10,76,-1,page,0x20B220,16448,4,256,128,0x0000,"0,480",FILE10_title_page.TIM
10,77,0,page,0x20F800,16448,4,256,128,0x0000,"0,480",FILE10_p00_page.TIM
10,78,1,page,0x214000,16448,4,256,128,0x0000,"0,480",FILE10_p01_page.TIM
11,79,-1,paper,0x218800,33312,8,128,256,0x0000,"0,480",FILE11_title_paper.TIM
11,79,-1,page,0x220A20,14400,4,256,112,0x0000,"0,480",FILE11_title_page.TIM
11,80,0,page,0x224800,14400,4,256,112,0x0000,"0,480",FILE11_p00_page.TIM
11,81,1,page,0x228800,14400,4,256,112,0x0000,"0,480",FILE11_p01_page.TIM
11,82,2,page,0x22C800,14400,4,256,112,0x0000,"0,480",FILE11_p02_page.TIM
12,83,-1,paper,0x230800,33312,8,128,256,0x0000,"0,480",FILE12_title_paper.TIM
12,83,-1,page,0x238A20,14400,4,256,112,0x0000,"0,480",FILE12_title_page.TIM
12,84,0,page,0x23C800,14400,4,256,112,0x0000,"0,480",FILE12_p00_page.TIM
12,85,1,page,0x240800,14400,4,256,112,0x0000,"0,480",FILE12_p01_page.TIM
12,86,2,page,0x244800,14400,4,256,112,0x0000,"0,480",FILE12_p02_page.TIM
12,87,3,page,0x248800,14400,4,256,112,0x0000,"0,480",FILE12_p03_page.TIM
13,88,-1,paper,0x24C800,33312,8,128,256,0x0000,"0,480",FILE13_title_paper.TIM
13,88,-1,page,0x254A20,14400,4,256,112,0x0000,"0,480",FILE13_title_page.TIM
13,89,0,page,0x258800,14400,4,256,112,0x0000,"0,480",FILE13_p00_page.TIM
13,90,1,page,0x25C800,14400,4,256,112,0x0000,"0,480",FILE13_p01_page.TIM
13,91,2,page,0x260800,14400,4,256,112,0x0000,"0,480",FILE13_p02_page.TIM
14,92,-1,paper,0x264800,33312,8,128,256,0x0000,"0,480",FILE14_title_paper.TIM
14,92,-1,page,0x26CA20,18496,4,256,144,0x0000,"0,480",FILE14_title_page.TIM
14,93,0,page,0x271800,18496,4,256,144,0x0000,"0,480",FILE14_p00_page.TIM
14,94,1,page,0x276800,18496,4,256,144,0x0000,"0,480",FILE14_p01_page.TIM
14,95,2,page,0x27B800,18496,4,256,144,0x0000,"0,480",FILE14_p02_page.TIM
14,96,3,page,0x280800,18496,4,256,144,0x0000,"0,480",FILE14_p03_page.TIM
15,97,-1,paper,0x285800,33312,8,128,256,0x0000,"0,480",FILE15_title_paper.TIM
15,97,-1,page,0x28DA20,22592,4,256,176,0x0000,"0,480",FILE15_title_page.TIM
15,98,0,page,0x293800,22592,4,256,176,0x0000,"0,480",FILE15_p00_page.TIM
15,99,1,page,0x299800,22592,4,256,176,0x0000,"0,480",FILE15_p01_page.TIM
15,100,2,page,0x29F800,22592,4,256,176,0x0000,"0,480",FILE15_p02_page.TIM
15,101,3,page,0x2A5800,22592,4,256,176,0x0000,"0,480",FILE15_p03_page.TIM
15,102,4,page,0x2AB800,22592,4,256,176,0x0000,"0,480",FILE15_p04_page.TIM
15,103,5,page,0x2B1800,22592,4,256,176,0x0000,"0,480",FILE15_p05_page.TIM
15,104,6,page,0x2B7800,22592,4,256,176,0x0000,"0,480",FILE15_p06_page.TIM
15,105,7,page,0x2BD800,22592,4,256,176,0x0000,"0,480",FILE15_p07_page.TIM
15,106,8,page,0x2C3800,22592,4,256,176,0x0000,"0,480",FILE15_p08_page.TIM
16,107,-1,paper,0x2C9800,33312,8,128,256,0x7FFF,"0,480",FILE16_title_paper.TIM
16,107,-1,page,0x2D1A20,22592,4,256,176,0x0000,"0,480",FILE16_title_page.TIM
16,108,0,page,0x2D7800,22592,4,256,176,0x0000,"0,480",FILE16_p00_page.TIM
16,109,1,page,0x2DD800,22592,4,256,176,0x0000,"0,480",FILE16_p01_page.TIM
16,110,2,page,0x2E3800,22592,4,256,176,0x0000,"0,480",FILE16_p02_page.TIM
16,111,3,page,0x2E9800,22592,4,256,176,0x0000,"0,480",FILE16_p03_page.TIM
16,112,4,page,0x2EF800,22592,4,256,176,0x0000,"0,480",FILE16_p04_page.TIM
16,113,5,page,0x2F5800,22592,4,256,176,0x0000,"0,480",FILE16_p05_page.TIM
16,114,6,page,0x2FB800,22592,4,256,176,0x0000,"0,480",FILE16_p06_page.TIM
17,115,-1,paper,0x301800,33312,8,128,256,0x0000,"0,480",FILE17_title_paper.TIM
17,115,-1,page,0x309A20,22592,4,256,176,0x0000,"0,480",FILE17_title_page.TIM
17,116,0,page,0x30F800,22592,4,256,176,0x0000,"0,480",FILE17_p00_page.TIM
17,117,1,page,0x315800,22592,4,256,176,0x0000,"0,480",FILE17_p01_page.TIM
17,118,2,page,0x31B800,22592,4,256,176,0x0000,"0,480",FILE17_p02_page.TIM
17,119,3,page,0x321800,22592,4,256,176,0x0000,"0,480",FILE17_p03_page.TIM
17,120,4,page,0x327800,22592,4,256,176,0x0000,"0,480",FILE17_p04_page.TIM
17,121,5,page,0x32D800,22592,4,256,176,0x0000,"0,480",FILE17_p05_page.TIM
17,122,6,page,0x333800,22592,4,256,176,0x0000,"0,480",FILE17_p06_page.TIM
17,123,7,page,0x339800,22592,4,256,176,0x0000,"0,480",FILE17_p07_page.TIM
17,124,8,page,0x33F800,22592,4,256,176,0x0000,"0,480",FILE17_p08_page.TIM
17,125,9,page,0x345800,22592,4,256,176,0x0000,"0,480",FILE17_p09_page.TIM
18,126,-1,paper,0x34B800,33312,8,128,256,0x0000,"0,480",FILE18_title_paper.TIM
18,126,-1,page,0x353A20,22592,4,256,176,0x0000,"0,480",FILE18_title_page.TIM
18,127,0,page,0x359800,22592,4,256,176,0x0000,"0,480",FILE18_p00_page.TIM
18,128,1,page,0x35F800,22592,4,256,176,0x0000,"0,480",FILE18_p01_page.TIM
18,129,2,page,0x365800,22592,4,256,176,0x0000,"0,480",FILE18_p02_page.TIM
18,130,3,page,0x36B800,22592,4,256,176,0x0000,"0,480",FILE18_p03_page.TIM
18,131,4,page,0x371800,22592,4,256,176,0x0000,"0,480",FILE18_p04_page.TIM
18,132,5,page,0x377800,22592,4,256,176,0x0000,"0,480",FILE18_p05_page.TIM
19,133,-1,paper,0x37D800,33312,8,128,256,0x0000,"0,480",FILE19_title_paper.TIM
19,133,-1,page,0x385A20,14400,4,256,112,0x0000,"0,480",FILE19_title_page.TIM
19,134,0,page,0x389800,14400,4,256,112,0x0000,"0,480",FILE19_p00_page.TIM
19,135,1,page,0x38D800,14400,4,256,112,0x0000,"0,480",FILE19_p01_page.TIM
20,136,-1,paper,0x391800,33312,8,128,256,0x0000,"0,480",FILE20_title_paper.TIM
20,136,-1,page,0x399A20,22592,4,256,176,0x0000,"0,480",FILE20_title_page.TIM
20,137,0,page,0x39F800,22592,4,256,176,0x0000,"0,480",FILE20_p00_page.TIM
20,138,1,page,0x3A5800,22592,4,256,176,0x0000,"0,480",FILE20_p01_page.TIM
20,139,2,page,0x3AB800,22592,4,256,176,0x0000,"0,480",FILE20_p02_page.TIM
20,140,3,page,0x3B1800,22592,4,256,176,0x0000,"0,480",FILE20_p03_page.TIM
20,141,4,page,0x3B7800,22592,4,256,176,0x0000,"0,480",FILE20_p04_page.TIM
20,142,5,page,0x3BD800,22592,4,256,176,0x0000,"0,480",FILE20_p05_page.TIM
20,143,6,page,0x3C3800,22592,4,256,176,0x0000,"0,480",FILE20_p06_page.TIM
21,144,-1,paper,0x3C9800,33312,8,128,256,0x0000,"0,480",FILE21_title_paper.TIM
21,144,-1,page,0x3D1A20,22592,4,256,176,0x0000,"0,480",FILE21_title_page.TIM
21,145,0,page,0x3D7800,22592,4,256,176,0x0000,"0,480",FILE21_p00_page.TIM
21,146,1,page,0x3DD800,22592,4,256,176,0x0000,"0,480",FILE21_p01_page.TIM
21,147,2,page,0x3E3800,22592,4,256,176,0x0000,"0,480",FILE21_p02_page.TIM
21,148,3,page,0x3E9800,22592,4,256,176,0x0000,"0,480",FILE21_p03_page.TIM
21,149,4,page,0x3EF800,22592,4,256,176,0x0000,"0,480",FILE21_p04_page.TIM
21,150,5,page,0x3F5800,22592,4,256,176,0x0000,"0,480",FILE21_p05_page.TIM
22,151,-1,paper,0x3FB800,33312,8,128,256,0x0000,"0,480",FILE22_title_paper.TIM
22,151,-1,page,0x403A20,22592,4,256,176,0x0000,"0,480",FILE22_title_page.TIM
22,152,0,page,0x409800,22592,4,256,176,0x0000,"0,480",FILE22_p00_page.TIM
22,153,1,page,0x40F800,22592,4,256,176,0x0000,"0,480",FILE22_p01_page.TIM
22,154,2,page,0x415800,22592,4,256,176,0x0000,"0,480",FILE22_p02_page.TIM
22,155,3,page,0x41B800,22592,4,256,176,0x0000,"0,480",FILE22_p03_page.TIM
22,156,4,page,0x421800,22592,4,256,176,0x0000,"0,480",FILE22_p04_page.TIM
23,157,-1,paper,0x427800,33312,8,128,256,0x0000,"0,480",FILE23_title_paper.TIM
23,157,-1,page,0x42FA20,22592,4,256,176,0x0000,"0,480",FILE23_title_page.TIM
23,158,0,page,0x435800,22592,4,256,176,0x0000,"0,480",FILE23_p00_page.TIM
23,159,1,page,0x43B800,22592,4,256,176,0x0000,"0,480",FILE23_p01_page.TIM
23,160,2,page,0x441800,22592,4,256,176,0x0000,"0,480",FILE23_p02_page.TIM
23,161,3,page,0x447800,22592,4,256,176,0x0000,"0,480",FILE23_p03_page.TIM
23,162,4,page,0x44D800,22592,4,256,176,0x0000,"0,480",FILE23_p04_page.TIM
23,163,5,page,0x453800,22592,4,256,176,0x0000,"0,480",FILE23_p05_page.TIM
23,164,6,page,0x459800,22592,4,256,176,0x0000,"0,480",FILE23_p06_page.TIM
23,165,7,page,0x45F800,22592,4,256,176,0x0000,"0,480",FILE23_p07_page.TIM
23,166,8,page,0x465800,22592,4,256,176,0x0000,"0,480",FILE23_p08_page.TIM
23,167,9,page,0x46B800,22592,4,256,176,0x0000,"0,480",FILE23_p09_page.TIM
23,168,10,page,0x471800,22592,4,256,176,0x0000,"0,480",FILE23_p10_page.TIM
23,169,11,page,0x477800,22592,4,256,176,0x0000,"0,480",FILE23_p11_page.TIM
23,170,12,page,0x47D800,22592,4,256,176,0x0000,"0,480",FILE23_p12_page.TIM
23,171,13,page,0x483800,22592,4,256,176,0x0000,"0,480",FILE23_p13_page.TIM
23,172,14,page,0x489800,22592,4,256,176,0x0000,"0,480",FILE23_p14_page.TIM
23,173,15,page,0x48F800,22592,4,256,176,0x0000,"0,480",FILE23_p15_page.TIM
24,174,-1,paper,0x495800,33312,8,128,256,0x0000,"0,480",FILE24_title_paper.TIM
24,174,-1,page,0x49DA20,22592,4,256,176,0x0000,"0,480",FILE24_title_page.TIM
24,175,0,page,0x4A3800,22592,4,256,176,0x0000,"0,480",FILE24_p00_page.TIM
24,176,1,page,0x4A9800,22592,4,256,176,0x0000,"0,480",FILE24_p01_page.TIM
24,177,2,page,0x4AF800,22592,4,256,176,0x0000,"0,480",FILE24_p02_page.TIM
24,178,3,page,0x4B5800,22592,4,256,176,0x0000,"0,480",FILE24_p03_page.TIM
24,179,4,page,0x4BB800,22592,4,256,176,0x0000,"0,480",FILE24_p04_page.TIM
24,180,5,page,0x4C1800,22592,4,256,176,0x0000,"0,480",FILE24_p05_page.TIM
24,181,6,page,0x4C7800,22592,4,256,176,0x0000,"0,480",FILE24_p06_page.TIM
24,182,7,page,0x4CD800,22592,4,256,176,0x0000,"0,480",FILE24_p07_page.TIM
24,183,8,page,0x4D3800,22592,4,256,176,0x0000,"0,480",FILE24_p08_page.TIM
24,184,9,page,0x4D9800,22592,4,256,176,0x0000,"0,480",FILE24_p09_page.TIM
24,185,10,page,0x4DF800,22592,4,256,176,0x0000,"0,480",FILE24_p10_page.TIM
24,186,11,page,0x4E5800,22592,4,256,176,0x0000,"0,480",FILE24_p11_page.TIM
24,187,12,page,0x4EB800,22592,4,256,176,0x0000,"0,480",FILE24_p12_page.TIM
24,188,13,page,0x4F1800,22592,4,256,176,0x0000,"0,480",FILE24_p13_page.TIM
24,189,14,page,0x4F7800,22592,4,256,176,0x0000,"0,480",FILE24_p14_page.TIM
24,190,15,page,0x4FD800,22592,4,256,176,0x0000,"0,480",FILE24_p15_page.TIM
