raum;block;rdt_offset;item_id;item_hex;name;menge;x;z;flag;md1_slot;action;mesh;md1_rdt_offset;tim_rdt_offset;md5
room2040;sub24;0x0248E;1;0x01;Knife;1;1967;-16287;0;0;0;mesh000;0x0027F0;0x01DA58;790e56fc
room1150;sub00;0x01514;5;0x05;Magnum;8;0;0;103;6;0;mesh001;0x029BF8;0x04C3F0;36f33a09
room2100;sub00;0x012D8;5;0x05;Magnum;8;-26716;-24895;85;1;0;mesh001;0x0017C8;0x00E280;36f33a09
room1150;sub00;0x014D4;7;0x07;Shotgun;5;0;0;103;5;0;mesh002;0x029324;0x04C3F0;78d92b1d
room2000;sub00;0x027F8;7;0x07;Shotgun;5;-9794;-569;152;6;0;mesh003;0x02ACA4;0x069514;341ef2e2
room2140;sub02;0x004CE;15;0x0F;S. Machine Gun;100;0;0;62;6;0;mesh004;0x0011C4;0x00AE60;1e22b140
room60F0;sub00;0x007BE;15;0x0F;S. Machine Gun;100;-12960;-21830;30;0;1;mesh005;0x000AD0;0x00C470;b4f6e99f
room7020;sub00;0x01202;17;0x11;R. Launcher;2;-26200;-23200;40;0;1;mesh006;0x002044;0x024F9C;9c7f444b
roomD090;main00;0x021B8;17;0x11;R. Launcher;10;465;-1573;24;0;161;mesh006;0x002290;0x01793C;9c7f444b
room1010;sub02;0x01852;20;0x14;H. Gun Bullets;15;-25841;-21214;0;1;0;mesh007;0x003130;0x02A4A0;a74d5c8d
room1010;sub02;0x01868;20;0x14;H. Gun Bullets;15;-16892;-24309;1;2;0;mesh007;0x003130;0x02A4A0;a74d5c8d
room1020;sub19;0x01E9E;20;0x14;H. Gun Bullets;30;-12828;-5937;154;1;0;mesh008;0x002D58;0x026C2C;93142508
room1020;sub19;0x01EB8;20;0x14;H. Gun Bullets;15;-12828;-5937;154;1;0;mesh008;0x002D58;0x026C2C;93142508
room1060;sub00;0x00C58;20;0x14;H. Gun Bullets;15;-26453;4331;9;5;0;mesh009;0x003750;0x01C5B4;9895e839
room1060;sub00;0x00C72;20;0x14;H. Gun Bullets;15;-26453;4331;9;5;0;mesh009;0x003750;0x01C5B4;9895e839
room1090;sub03;0x022E8;20;0x14;H. Gun Bullets;30;-2404;-8529;205;9;1;mesh008;0x0056BC;0x03FF88;93142508
room10F0;sub00;0x00734;20;0x14;H. Gun Bullets;30;-17915;-23203;157;5;0;mesh010;0x00173C;0x0215BC;4e995948
room1130;sub00;0x00E64;20;0x14;H. Gun Bullets;15;-27854;-4717;145;2;0;mesh009;0x002CFC;0x0237C4;9895e839
room1150;sub00;0x01422;20;0x14;H. Gun Bullets;15;-20895;-15183;101;1;0;mesh011;0x02813C;0x043BD0;5cce8332
room11A0;sub00;0x0053A;20;0x14;H. Gun Bullets;15;-10200;-700;195;0;0;mesh011;0x0005CC;0x00899C;5cce8332
room2000;sub00;0x027B8;20;0x14;H. Gun Bullets;30;-9794;-569;152;5;0;mesh011;0x02AA40;0x069514;5cce8332
room2010;sub00;0x00D3E;20;0x14;H. Gun Bullets;15;0;0;92;4;0;mesh009;0x001D5C;0x029AD4;9895e839
room2020;sub00;0x01D0A;20;0x14;H. Gun Bullets;15;-21660;-17000;116;4;0;mesh011;0x003EBC;0x022980;5cce8332
room2020;sub00;0x01D24;20;0x14;H. Gun Bullets;15;-21660;-17000;116;4;0;mesh011;0x003EBC;0x022980;5cce8332
room2030;sub00;0x007D0;20;0x14;H. Gun Bullets;15;-20023;-26525;34;3;0;mesh009;0x002A88;0x0153AC;9895e839
room2060;sub00;0x016BC;20;0x14;H. Gun Bullets;15;-25422;-20122;28;6;0;mesh007;0x0030F0;0x013960;a74d5c8d
room2060;sub00;0x016FE;20;0x14;H. Gun Bullets;15;-18353;-8594;28;6;0;mesh007;0x0030F0;0x013960;a74d5c8d
room20B0;sub08;0x03730;20;0x14;H. Gun Bullets;15;-7585;-14893;48;2;0;mesh008;0x004264;0x015B48;93142508
room20D0;sub00;0x01376;20;0x14;H. Gun Bullets;30;-24000;-25300;208;2;1;mesh009;0x0049C8;0x020A34;9895e839
room20E0;sub00;0x01B2C;20;0x14;H. Gun Bullets;15;-24470;-21530;171;4;0;mesh012;0x002D68;0x01E76C;649a0c9b
room2130;sub00;0x00EDC;20;0x14;H. Gun Bullets;15;-21380;-11080;24;1;1;mesh011;0x002314;0x017678;5cce8332
room2140;sub00;0x003BA;20;0x14;H. Gun Bullets;15;-12100;-11510;64;0;0;mesh011;0x000BF0;0x00AE60;5cce8332
room2140;sub00;0x003D0;20;0x14;H. Gun Bullets;15;-12100;-12680;65;1;0;mesh011;0x000BF0;0x00AE60;5cce8332
room2190;sub00;0x00ACA;20;0x14;H. Gun Bullets;15;-27000;-12900;117;0;0;mesh011;0x001678;0x01D8BC;5cce8332
room40E0;sub00;0x0388A;20;0x14;H. Gun Bullets;15;-26682;-10500;203;1;0;mesh011;0x006680;0x036744;5cce8332
room5040;sub00;0x01CF4;20;0x14;H. Gun Bullets;15;-25512;-14890;68;0;0;mesh011;0x00239C;0x018E0C;5cce8332
room5060;sub00;0x00DC0;20;0x14;H. Gun Bullets;15;-25512;-14890;68;1;0;mesh011;0x002220;0x01A29C;5cce8332
roomA1A0;main00;0x00500;20;0x14;H. Gun Bullets;15;-10200;-700;4;0;0;mesh011;0x000624;0x0089F4;5cce8332
roomE030;main00;0x00812;20;0x14;H. Gun Bullets;15;-18568;-22447;32;2;0;mesh011;0x001168;0x01D310;5cce8332
roomE030;main00;0x0084E;20;0x14;H. Gun Bullets;15;-19298;-22447;33;3;0;mesh011;0x001168;0x01D310;5cce8332
roomE030;main00;0x008D6;20;0x14;H. Gun Bullets;15;-18568;-22447;32;2;0;mesh011;0x001168;0x01D310;5cce8332
roomE030;main00;0x00912;20;0x14;H. Gun Bullets;15;-19298;-22447;33;3;0;mesh011;0x001168;0x01D310;5cce8332
roomE030;main00;0x00956;20;0x14;H. Gun Bullets;15;-18568;-22447;32;2;0;mesh011;0x001168;0x01D310;5cce8332
roomE030;main00;0x00992;20;0x14;H. Gun Bullets;15;-19298;-22447;33;3;0;mesh011;0x001168;0x01D310;5cce8332
room10B0;sub00;0x01816;21;0x15;Shotgun Shells;7;-26051;-16619;99;5;0;mesh013;0x004130;0x02634C;e2baafec
room1130;sub00;0x00EA4;21;0x15;Shotgun Shells;7;-27854;-4717;145;3;0;mesh014;0x002F60;0x0237C4;3e818121
room2010;sub00;0x00D7E;21;0x15;Shotgun Shells;7;0;0;92;3;0;mesh015;0x001B78;0x029AD4;11f139fa
room2090;sub00;0x00ED2;21;0x15;Shotgun Shells;7;0;0;71;0;0;mesh013;0x001334;0x00F040;e2baafec
room20B0;sub00;0x03142;21;0x15;Shotgun Shells;7;20000;20000;78;5;0;mesh016;0x0044C8;0x015B48;a08ae8ef
room20C0;sub00;0x01D6E;21;0x15;Shotgun Shells;7;-11900;-25100;207;1;1;mesh015;0x002A78;0x019884;11f139fa
room20F0;sub00;0x01904;21;0x15;Shotgun Shells;7;-27616;-3320;143;7;0;mesh015;0x003588;0x01D520;11f139fa
room2140;sub00;0x00408;21;0x15;Shotgun Shells;7;-12120;-14490;68;4;0;mesh015;0x000E54;0x00AE60;11f139fa
room3070;sub00;0x010F0;21;0x15;Shotgun Shells;7;-16122;4587;194;2;1;mesh013;0x002CDC;0x022C7C;e2baafec
room30B0;sub00;0x00DCA;21;0x15;Shotgun Shells;7;-14172;-5607;193;1;1;mesh015;0x001F40;0x03865C;11f139fa
room4010;sub00;0x02444;21;0x15;Shotgun Shells;7;-26139;-26597;131;6;0;mesh017;0x00542C;0x04736C;907ac125
room4030;sub27;0x02DD0;21;0x15;Shotgun Shells;7;-16660;-23270;175;8;0;mesh017;0x005D20;0x0510E0;907ac125
room4080;main00;0x0293E;21;0x15;Shotgun Shells;7;-7400;-1890;185;5;0;mesh015;0x005F18;0x03AA7C;11f139fa
room40E0;sub00;0x03874;21;0x15;Shotgun Shells;7;-26880;-8970;202;2;0;mesh015;0x0068E4;0x036744;11f139fa
room5030;sub03;0x009F0;21;0x15;Shotgun Shells;7;-18568;-22447;3;3;0;mesh015;0x001ADC;0x02D7BC;11f139fa
room5070;sub00;0x022BE;21;0x15;Shotgun Shells;7;-18470;-15500;76;1;1;mesh015;0x0029E8;0x0104C8;11f139fa
room6030;sub00;0x02D56;21;0x15;Shotgun Shells;7;-4600;-27400;59;8;1;mesh014;0x008B28;0x0625F4;3e818121
room6090;sub00;0x00498;21;0x15;Shotgun Shells;7;0;0;37;2;0;mesh015;0x0010CC;0x00AA78;11f139fa
room6090;sub00;0x004D4;21;0x15;Shotgun Shells;7;0;0;38;3;0;mesh015;0x0010CC;0x00AA78;11f139fa
room10D0;sub00;0x008C2;22;0x16;M. Bullets;8;-25300;-17900;206;0;161;mesh018;0x000970;0x003E30;1eaae0b8
room2100;sub00;0x01318;22;0x16;M. Bullets;8;-26716;-24895;85;2;160;mesh019;0x001B04;0x00E280;a6b5b04c
room2140;sub00;0x003EE;22;0x16;M. Bullets;8;-12120;-14490;68;7;128;mesh018;0x0014D0;0x013680;1eaae0b8
room4010;sub00;0x02480;22;0x16;M. Bullets;8;-18439;-20837;169;7;160;mesh020;0x005610;0x04736C;28e852d2
room4030;sub27;0x02DE6;22;0x16;M. Bullets;8;-23725;-22200;176;9;128;mesh020;0x005F04;0x0510E0;28e852d2
room5030;sub03;0x00A2C;22;0x16;M. Bullets;8;-19298;-22447;2;2;0;mesh018;0x0018E8;0x02D7BC;1eaae0b8
room5050;sub02;0x00C9E;22;0x16;M. Bullets;8;-20054;-26848;11;2;1;mesh019;0x002FE0;0x02BEDC;a6b5b04c
room5050;sub02;0x00CDE;22;0x16;M. Bullets;8;-21220;-27144;11;2;1;mesh019;0x002FE0;0x02BEDC;a6b5b04c
room6020;sub00;0x00A5C;22;0x16;M. Bullets;8;-12200;-12600;73;4;1;mesh021;0x002D14;0x031A68;75f68719
room6070;sub00;0x00CA4;22;0x16;M. Bullets;8;-26535;-21610;54;4;192;mesh019;0x002CE8;0x02A93C;a6b5b04c
room6100;sub11;0x0132E;22;0x16;M. Bullets;8;-24753;-18221;45;2;160;mesh019;0x002078;0x01AA70;a6b5b04c
room6100;sub11;0x0136E;22;0x16;M. Bullets;16;-21317;-24541;45;2;160;mesh019;0x002078;0x01AA70;a6b5b04c
roomE030;main00;0x00892;24;0x18;G. Rounds;6;-18568;-22447;32;4;0;mesh022;0x0013CC;0x01D310;15f1e94f
room4080;main00;0x02958;25;0x19;Flame Rounds;6;-7400;-1890;185;5;0;mesh015;0x005F18;0x03AA7C;11f139fa
room5050;sub02;0x00D28;25;0x19;Flame Rounds;6;-20054;-26848;11;2;1;mesh019;0x002FE0;0x02BEDC;a6b5b04c
room5050;sub02;0x00D68;25;0x19;Flame Rounds;6;-21220;-27144;11;2;1;mesh019;0x002FE0;0x02BEDC;a6b5b04c
room6030;sub00;0x02D96;25;0x19;Flame Rounds;12;-4600;-27400;59;8;1;mesh014;0x008B28;0x0625F4;3e818121
room5070;sub00;0x022D8;26;0x1A;Acid Rounds;6;-18470;-15500;76;1;1;mesh015;0x0029E8;0x0104C8;11f139fa
room60F0;sub00;0x007FE;27;0x1B;M.G. Bullets;100;-12960;-21830;30;2;1;mesh023;0x000FC0;0x00C470;0e2d156d
room20C0;sub00;0x01DAE;29;0x1D;Bow Gun Bolts;36;-11900;-25100;207;1;1;mesh015;0x002A78;0x019884;11f139fa
room1060;sub00;0x00C24;30;0x1E;Ink Ribbon;3;-26503;3301;7;3;0;mesh024;0x002A40;0x01C5B4;f7fecddf
room10F0;main00;0x0069C;30;0x1E;Ink Ribbon;3;-17421;-22126;139;3;0;mesh025;0x001184;0x0215BC;bcd32339
room2000;main00;0x026E0;30;0x1E;Ink Ribbon;3;-11699;-4749;166;3;0;mesh026;0x028D70;0x05ACD4;46639887
room2030;main00;0x006F4;30;0x1E;Ink Ribbon;3;-26643;-18975;35;1;0;mesh024;0x001D38;0x0153AC;f7fecddf
room2080;main00;0x0137A;30;0x1E;Ink Ribbon;3;-19694;-19004;141;2;0;mesh024;0x0024DC;0x028F90;f7fecddf
room20B0;sub08;0x036EC;30;0x1E;Ink Ribbon;3;-17685;-16193;84;9;0;mesh024;0x005570;0x02A7A8;f7fecddf
room30C0;sub00;0x004B6;30;0x1E;Ink Ribbon;3;-17572;-14224;140;3;0;mesh025;0x0015A8;0x01E400;bcd32339
room4010;sub03;0x02690;30;0x1E;Ink Ribbon;3;-22433;-26226;128;4;0;mesh024;0x004D8C;0x04736C;f7fecddf
room4030;sub25;0x02C98;30;0x1E;Ink Ribbon;3;-14535;-16910;51;5;0;mesh024;0x0055F0;0x0510E0;f7fecddf
room4080;main00;0x0299E;30;0x1E;Ink Ribbon;3;-8000;-1285;214;7;0;mesh024;0x006CC0;0x0470BC;f7fecddf
room5030;sub03;0x00AA4;30;0x1E;Ink Ribbon;3;-21364;-24329;80;6;0;mesh024;0x002630;0x035FDC;f7fecddf
room6030;sub00;0x02D12;30;0x1E;Ink Ribbon;3;-5800;-24900;58;7;0;mesh026;0x00865C;0x0625F4;46639887
room6070;sub00;0x00C3C;30;0x1E;Ink Ribbon;3;-24525;-25300;27;3;0;mesh025;0x00281C;0x02A93C;bcd32339
room7040;sub00;0x0135A;30;0x1E;Ink Ribbon;3;-22835;-21810;78;5;0;mesh027;0x003080;0x033844;69bb142d
room10F0;sub00;0x006F0;31;0x1F;Small Key;1;-20475;-25403;38;4;160;mesh028;0x001650;0x0215BC;c5d49ef6
room2020;sub00;0x01C44;31;0x1F;Small Key;1;-10260;-20290;249;6;160;mesh029;0x004120;0x022980;1f0d7a9d
room20E0;sub00;0x019C0;31;0x1F;Small Key;1;-23320;-23050;60;2;160;mesh028;0x002A98;0x015F4C;c5d49ef6
room1130;sub00;0x00E18;32;0x20;H. Gun Parts;1;0;0;18;1;0;mesh030;0x002A50;0x0237C4;ecf38671
room6150;sub00;0x02BD6;33;0x21;Magnum Parts;1;0;0;41;4;0;mesh031;0x004484;0x028554;f61cf689
room5020;sub00;0x01582;34;0x22;Shotgun Parts;1;-7204;-3836;21;2;1;mesh030;0x001FA8;0x00B0E0;ecf38671
room5020;sub00;0x015C2;34;0x22;Shotgun Parts;1;-7204;-3836;21;2;1;mesh030;0x001FA8;0x00B0E0;ecf38671
room2030;sub00;0x00868;35;0x23;F. Aid Spray;1;-20613;-26525;36;2;0;mesh032;0x002204;0x0153AC;0a6084ff
room20E0;sub00;0x01A12;35;0x23;F. Aid Spray;1;-21750;-15750;110;5;0;mesh032;0x0033C4;0x01E76C;0a6084ff
room20E0;sub00;0x01B5C;35;0x23;F. Aid Spray;1;-21750;-15750;110;3;0;mesh014;0x002B84;0x015F4C;3e818121
room5030;sub03;0x00A68;35;0x23;F. Aid Spray;1;-26706;-21307;26;4;0;mesh033;0x001CC0;0x02D7BC;5dbfd677
room60D0;sub02;0x00A8A;35;0x23;F. Aid Spray;1;-22000;-14368;69;7;0;mesh034;0x008C10;0x02DBC4;2173872e
room6100;sub11;0x012F2;35;0x23;F. Aid Spray;1;-23773;-18341;12;1;0;mesh032;0x0017F4;0x01AA70;0a6084ff
room6150;sub00;0x02C50;35;0x23;F. Aid Spray;1;-22900;-17000;55;9;0;mesh034;0x0050A8;0x039394;2173872e
roomA050;main00;0x0122E;36;0x24;Antivirus bomb;1;-13930;-15730;248;0;0;mesh035;0x0013C8;0x00BFAC;60476f8e
roomA0E0;main00;0x01CF0;36;0x24;Antivirus bomb;1;-19550;-14000;249;0;0;mesh035;0x001DAC;0x00BFA4;60476f8e
roomA110;main00;0x02042;36;0x24;Antivirus bomb;1;-23991;-28076;250;2;1;mesh035;0x004E04;0x0376B4;60476f8e
roomB060;main00;0x014C6;36;0x24;Antivirus bomb;1;-23551;-27891;252;0;0;mesh035;0x00150C;0x00A694;60476f8e
roomB0D0;main00;0x010D0;36;0x24;Antivirus bomb;1;-17800;-25400;253;0;0;mesh035;0x00116C;0x00B1C8;60476f8e
roomB100;main00;0x01328;36;0x24;Antivirus bomb;1;-26716;-24895;254;0;0;mesh035;0x001348;0x009334;60476f8e
roomC010;main00;0x01A98;36;0x24;Antivirus bomb;1;-17300;-24900;255;2;0;mesh036;0x0026A8;0x012EEC;a67a0838
room1090;sub03;0x0235E;38;0x26;Green Herb;1;-1639;-1119;146;0;1;mesh037;0x00345C;0x039B68;9e2117d6
room1160;sub00;0x00A26;38;0x26;Green Herb;1;-21570;-23070;57;0;1;mesh037;0x000BA0;0x009C70;9e2117d6
room1160;sub00;0x00A3C;38;0x26;Green Herb;1;-22910;-26500;58;1;1;mesh037;0x000BA0;0x009C70;9e2117d6
room1160;sub00;0x00A52;38;0x26;Green Herb;1;-21520;-23970;59;2;1;mesh037;0x000BA0;0x009C70;9e2117d6
room2020;sub00;0x01D54;38;0x26;Green Herb;1;-26940;-12100;114;3;1;mesh038;0x003560;0x01A160;e31f15cc
room2040;sub00;0x01A62;38;0x26;Green Herb;1;-14754;-608;46;4;1;mesh037;0x003C18;0x02DE98;9e2117d6
room2070;main00;0x00FFA;38;0x26;Green Herb;1;-14039;-11372;148;0;1;mesh037;0x001494;0x013AB8;9e2117d6
room2070;main00;0x01036;38;0x26;Green Herb;1;-14039;-10552;167;1;1;mesh037;0x001494;0x013AB8;9e2117d6
room20A0;sub00;0x009FA;38;0x26;Green Herb;1;-16280;5850;33;0;1;mesh037;0x000D64;0x00E028;9e2117d6
room20F0;main00;0x01810;38;0x26;Green Herb;1;-27416;-22763;27;5;1;mesh037;0x002C2C;0x01D520;9e2117d6
room20F0;main00;0x01854;38;0x26;Green Herb;1;-27416;-23743;218;6;1;mesh037;0x002C2C;0x01D520;9e2117d6
room2130;sub03;0x00FAA;38;0x26;Green Herb;1;-25240;-26800;253;9;1;mesh037;0x00282C;0x01FE98;9e2117d6
room2160;sub13;0x021EA;38;0x26;Green Herb;1;-19300;14572;144;2;1;mesh037;0x029E94;0x051318;9e2117d6
room3010;sub00;0x01E68;38;0x26;Green Herb;1;-17282;-21058;172;5;1;mesh039;0x006014;0x042F34;4a1500dd
room4010;sub00;0x024BC;38;0x26;Green Herb;1;-14633;-23526;178;8;1;mesh037;0x005804;0x04FB8C;9e2117d6
room4010;sub00;0x024F8;38;0x26;Green Herb;1;-14133;-23526;179;9;1;mesh037;0x005804;0x04FB8C;9e2117d6
room4010;sub00;0x02534;38;0x26;Green Herb;1;-13533;-23426;168;10;1;mesh037;0x005804;0x04FB8C;9e2117d6
room4080;main00;0x028E4;38;0x26;Green Herb;1;-6567;1910;149;3;1;mesh037;0x0055BC;0x03AA7C;9e2117d6
room4080;main00;0x028FA;38;0x26;Green Herb;1;-5617;1910;150;4;1;mesh037;0x0055BC;0x03AA7C;9e2117d6
room5080;sub02;0x0154C;38;0x26;Green Herb;1;-6439;-6530;64;0;1;mesh037;0x0016B0;0x00B7F4;9e2117d6
room5080;sub02;0x01590;38;0x26;Green Herb;1;-3989;-6400;65;1;1;mesh037;0x0016B0;0x00B7F4;9e2117d6
room6030;sub00;0x02CFC;38;0x26;Green Herb;1;-22600;-27000;57;6;1;mesh040;0x007D00;0x0625F4;90aa7b4b
room6070;sub00;0x00C52;38;0x26;Green Herb;1;-19760;-17470;52;2;0;mesh037;0x001EC0;0x02A93C;9e2117d6
room60E0;sub02;0x00460;38;0x26;Green Herb;1;-25368;-20877;0;0;1;mesh037;0x0008F8;0x00DBB4;9e2117d6
room60E0;sub02;0x0049C;38;0x26;Green Herb;1;-23428;-20817;1;1;1;mesh037;0x0008F8;0x00DBB4;9e2117d6
room6160;sub00;0x01DF8;38;0x26;Green Herb;1;-8800;-20900;74;3;1;mesh041;0x002E34;0x026B6C;648a7dd3
room6160;sub00;0x01E34;38;0x26;Green Herb;1;-8800;-22900;75;4;1;mesh041;0x002E34;0x026B6C;648a7dd3
room6160;sub00;0x01E70;38;0x26;Green Herb;1;-8800;-25900;81;5;1;mesh041;0x002E34;0x026B6C;648a7dd3
roomB080;main00;0x01362;38;0x26;Green Herb;1;-22364;-15864;80;2;1;mesh037;0x001B10;0x023380;9e2117d6
roomB080;main00;0x0139E;38;0x26;Green Herb;1;-19694;-19004;81;3;0;mesh037;0x001B10;0x023380;9e2117d6
roomB080;main00;0x013DA;38;0x26;Green Herb;1;-15774;-25954;82;4;1;mesh040;0x00246C;0x023380;90aa7b4b
roomD010;main00;0x026C2;38;0x26;Green Herb;1;-24675;-25663;17;5;1;mesh040;0x00505C;0x031A98;90aa7b4b
roomD010;main00;0x026FE;38;0x26;Green Herb;1;-25285;-25663;18;6;1;mesh040;0x00505C;0x031A98;90aa7b4b
roomD010;main00;0x0273A;38;0x26;Green Herb;1;-25905;-25663;19;7;1;mesh040;0x00505C;0x031A98;90aa7b4b
room1120;sub02;0x02C08;39;0x27;Red Herb;1;-7828;-24852;22;6;0;mesh040;0x0065AC;0x05F5A4;90aa7b4b
room20C0;sub00;0x01E40;39;0x27;Red Herb;1;-23421;-21421;170;0;1;mesh037;0x00211C;0x019884;9e2117d6
room2120;main00;0x0088E;39;0x27;Red Herb;2;-13747;-21274;142;0;1;mesh037;0x000B2C;0x00DD1C;9e2117d6
room21A0;sub00;0x01DE0;39;0x27;Red Herb;1;-11348;-18437;29;5;1;mesh042;0x004D40;0x024F28;25908d32
room6140;sub00;0x00C70;39;0x27;Red Herb;1;-27200;-27200;56;0;1;mesh037;0x0011A0;0x019368;9e2117d6
roomA060;main00;0x00BEA;39;0x27;Red Herb;1;-27500;1874;35;0;1;mesh037;0x000C6C;0x00BCA8;9e2117d6
roomA060;main00;0x00C26;39;0x27;Red Herb;1;-27500;1065;109;1;1;mesh037;0x000C6C;0x00BCA8;9e2117d6
roomF030;sub00;0x02C36;39;0x27;Red Herb;1;-4600;-27400;0;5;1;mesh037;0x0071F4;0x052BB4;9e2117d6
roomF030;sub00;0x02C72;39;0x27;Red Herb;1;-5000;-27400;1;6;1;mesh037;0x0071F4;0x052BB4;9e2117d6
room21A0;main00;0x01ABA;40;0x28;Blue Herb;1;-4824;-9338;135;0;1;mesh037;0x0029A8;0x01AAE8;9e2117d6
room3010;sub00;0x01E52;40;0x28;Blue Herb;1;-17282;-17358;136;4;1;mesh040;0x0056B8;0x042F34;90aa7b4b
room30C0;main00;0x00470;40;0x28;Blue Herb;1;-15928;-18497;134;2;1;mesh037;0x000C4C;0x01E400;9e2117d6
room4000;sub08;0x01A66;40;0x28;Blue Herb;1;-25226;-17689;186;3;1;mesh037;0x002394;0x02DAA4;9e2117d6
room4000;sub08;0x01AA2;40;0x28;Blue Herb;1;-25226;-19189;187;4;1;mesh037;0x002394;0x02DAA4;9e2117d6
room4020;sub06;0x00AA8;40;0x28;Blue Herb;1;-21818;-9763;164;1;1;mesh041;0x000FE8;0x01E140;648a7dd3
room4020;sub06;0x00AE4;40;0x28;Blue Herb;1;-23918;-9803;165;2;1;mesh041;0x000FE8;0x01E140;648a7dd3
room5080;sub02;0x015D0;40;0x28;Blue Herb;1;-3989;-6400;65;2;1;mesh040;0x00200C;0x00B7F4;90aa7b4b
roomD010;main00;0x02394;40;0x28;Blue Herb;1;-26855;-14133;15;3;1;mesh037;0x004700;0x031A98;9e2117d6
roomD010;main00;0x023D0;40;0x28;Blue Herb;1;-26355;-13883;16;4;1;mesh037;0x004700;0x031A98;9e2117d6
roomF060;main00;0x00EB2;40;0x28;Blue Herb;1;7667;-27300;41;0;1;mesh037;0x0010F4;0x013078;9e2117d6
roomF060;main00;0x00EEE;40;0x28;Blue Herb;1;6355;-27300;35;1;1;mesh037;0x0010F4;0x013078;9e2117d6
room1060;sub00;0x00C42;50;0x32;Valve Handle;1;-24943;5291;8;4;1;mesh043;0x002F0C;0x01C5B4;24185873
room20B0;sub00;0x03208;50;0x32;Valve Handle;1;-5869;-27301;82;7;0;mesh043;0x004798;0x01E168;24185873
room10C0;sub00;0x01A5A;51;0x33;Red Jewel;1;-22000;-12800;32;0;224;mesh044;0x001E40;0x016178;d098068f
room2060;sub00;0x01534;51;0x33;Red Jewel;1;30000;30000;31;0;224;mesh044;0x001E94;0x00F540;d098068f
room10B0;main00;0x01714;53;0x35;Blue Card Key;1;-19851;-26419;98;4;192;mesh045;0x0040A4;0x01DB2C;2c827b7c
room1110;sub00;0x0204E;57;0x39;Blue Stone;1;0;0;55;9;0;mesh046;0x01FADC;0x054F74;9f999de8
room20E0;sub00;0x01AF2;58;0x3A;Eagle Stone;1;-26700;-18000;56;1;128;mesh047;0x00242C;0x015F4C;2e686bfb
room20E0;sub00;0x01B0C;58;0x3A;Eagle Stone;1;-26700;-18000;56;1;0;mesh047;0x00242C;0x015F4C;2e686bfb
room1120;sub00;0x029A0;59;0x3B;Bishop Plug;1;0;0;21;5;0;mesh048;0x005F00;0x05F5A4;7d2b4019
room20E0;sub00;0x01986;60;0x3C;Rook Plug;1;-26700;-18000;56;1;128;mesh047;0x00242C;0x015F4C;2e686bfb
room20E0;sub00;0x019A0;60;0x3C;Rook Plug;1;-26700;-18000;56;1;0;mesh047;0x00242C;0x015F4C;2e686bfb
room10B0;sub00;0x017BC;62;0x3E;King Plug;1;0;0;95;2;0;mesh047;0x00394C;0x01DB2C;2e686bfb
room5010;sub00;0x0142E;63;0x3F;W. Box Key;1;8670;-17386;18;0;1;mesh049;0x001AA0;0x019F40;7b3e1ce8
room10E0;sub00;0x01D3C;67;0x43;Crank;1;0;0;106;1;0;mesh050;0x002494;0x015224;7b0fac24
room2030;sub00;0x00828;67;0x43;Crank;1;-20613;-26525;188;4;0;mesh051;0x002CEC;0x0153AC;4f0301a2
room2090;main00;0x00D02;68;0x44;Film;1;0;0;69;1;0;mesh052;0x001518;0x00F040;fedc467a
room2090;sub00;0x00EF0;68;0x44;Film;1;0;0;69;1;0;mesh052;0x001518;0x00F040;fedc467a
room2090;main00;0x00D1C;69;0x45;Film;1;0;0;70;1;0;mesh052;0x001518;0x00F040;fedc467a
room2090;sub00;0x00F0A;69;0x45;Film;1;0;0;70;1;0;mesh052;0x001518;0x00F040;fedc467a
room20D0;sub00;0x0119E;69;0x45;Film;1;-17800;-25400;109;1;0;mesh052;0x00467C;0x020A34;fedc467a
room2190;sub00;0x00B0A;70;0x46;Film;1;-27000;-12900;117;1;0;mesh052;0x0018DC;0x01D8BC;fedc467a
room1100;main00;0x027B0;71;0x47;Unicorn Medal;1;-25500;-28042;17;3;0;mesh053;0x004B3C;0x022904;aba42f2c
room1150;sub00;0x01498;71;0x47;Unicorn Medal;1;-21171;-17615;104;3;0;mesh054;0x028CFC;0x043BD0;94f2465e
room4090;main00;0x0230E;72;0x48;Eagle Medal;1;-10482;-2119;184;7;1;mesh055;0x00B198;0x059340;6e2f8bc1
room4090;main00;0x0234E;72;0x48;Eagle Medal;1;-10482;-2119;184;4;1;mesh056;0x00791C;0x050F20;df76d656
room20D0;sub00;0x01158;74;0x4A;G. Cogwheel;1;-19200;-27300;108;0;1;mesh057;0x001F08;0x020A34;910ff371
room3010;sub00;0x01E3C;75;0x4B;Manhole Opener;1;-26950;-29650;118;3;160;mesh058;0x00525C;0x042F34;1b6143c1
room60D0;sub02;0x008E6;76;0x4C;Main Fuse;1;32000;32000;24;3;0;mesh059;0x002280;0x01F384;06baa0b1
room60D0;sub02;0x008FC;77;0x4D;Fuse Case;1;-18111;-14130;61;1;0;mesh060;0x000ED8;0x01F384;7427552f
room60C0;sub10;0x017E6;82;0x52;G-virus;1;0;0;16;2;0;mesh061;0x004228;0x04B5A8;b2358234
room20E0;sub00;0x019FA;86;0x56;Cord;1;-21750;-13850;199;4;0;mesh012;0x002D68;0x01E76C;649a0c9b
room20E0;sub00;0x01B7C;86;0x56;Cord;1;-21750;-13850;199;2;0;mesh028;0x002A98;0x015F4C;c5d49ef6
room1050;sub00;0x01208;88;0x58;Cabin Key;1;-13930;-15730;4;0;160;mesh062;0x001558;0x00C650;569def98
room2000;main00;0x02662;89;0x59;Precinct Key;2;15948;9485;93;1;160;mesh063;0x0288C0;0x05ACD4;1cfed0c6
room2000;main00;0x0267C;89;0x59;Precinct Key;1;15948;9485;93;1;160;mesh063;0x0288C0;0x05ACD4;1cfed0c6
room10B0;main00;0x016D4;90;0x5A;Precinct Key;2;-19851;-26419;97;3;160;mesh064;0x003FB8;0x01DB2C;06375225
room1130;sub00;0x00F2A;90;0x5A;Precinct Key;2;-26274;-1287;30;4;225;mesh065;0x003144;0x02BFE4;14263bdb
room2020;sub00;0x01C5C;91;0x5B;Precinct Key;1;-24620;-23800;113;2;160;mesh066;0x003474;0x01A160;4b543edc
room3060;sub00;0x01F74;92;0x5C;Precinct Key;3;-27348;-19165;119;6;192;mesh067;0x0044DC;0x0262B4;6f93df01
room30B0;sub00;0x00D1E;92;0x5C;Precinct Key;3;-14172;-5607;124;0;161;mesh068;0x001E54;0x03865C;2bd069a3
room30B0;sub00;0x00D5E;92;0x5C;Precinct Key;3;-14172;-5607;124;0;161;mesh068;0x001E54;0x03865C;2bd069a3
room5050;sub17;0x0109E;93;0x5D;C. Panel Key;1;-22574;-23709;23;0;160;mesh069;0x002570;0x02BEDC;ff2413d0
room5070;sub00;0x0237C;94;0x5E;C. Panel Key;1;-19710;-26566;9;0;192;mesh070;0x0028FC;0x0104C8;c2ccc4bb
room6150;sub00;0x02CBE;95;0x5F;P. Room Key;1;-4210;-18100;43;8;128;mesh071;0x004FBC;0x030B74;3c9176ee
room6100;sub11;0x012B6;96;0x60;MO disk;1;-21317;-24541;14;0;160;mesh070;0x001708;0x01AA70;c2ccc4bb
room60A0;sub18;0x014B4;97;0x61;Lab Card Key;2;-14621;-17649;47;7;224;mesh072;0x00309C;0x03B924;130188d6
room6150;sub00;0x02CFE;97;0x61;Lab Card Key;2;-4210;-18100;43;3;224;mesh073;0x003CE0;0x028554;c8967851
room6040;sub00;0x02068;98;0x62;Master Key;2;-13861;-14166;20;1;161;mesh029;0x0056D0;0x046378;1f0d7a9d
room7040;sub00;0x01370;99;0x63;Platform Key;1;-23335;-25710;79;6;193;mesh074;0x00354C;0x033844;070227d1
room1150;sub00;0x015A2;104;0x68;CHRIS's diary;1;0;0;20;7;0;mesh075;0x029F34;0x04C3F0;0541704e
room1150;sub00;0x0169C;104;0x68;CHRIS's diary;1;0;0;20;7;0;mesh075;0x029F34;0x04C3F0;0541704e
room2020;sub00;0x01D3E;106;0x6A;Memo to LEON;1;-12500;-15300;111;0;0;mesh076;0x003254;0x01A160;ae2d0a30
room2010;main00;0x00C58;107;0x6B;Police memorandum;1;-20320;-26780;94;2;0;mesh077;0x001A04;0x029AD4;cf9f316d
room2060;sub00;0x01626;108;0x6C;Operation report 1;1;-18353;-8594;19;1;0;mesh078;0x002F18;0x00F540;ca09c4ac
room2060;sub00;0x01666;108;0x6C;Operation report 1;1;-25422;-20122;19;1;0;mesh078;0x002F18;0x00F540;ca09c4ac
room10F0;main00;0x00660;111;0x6F;Secretary's diary A;1;-17915;-23203;37;2;0;mesh077;0x001010;0x0215BC;cf9f316d
room10E0;sub00;0x01D26;112;0x70;Secretary's diary B;1;-19550;-14000;105;0;0;mesh077;0x002320;0x015224;cf9f316d
room2080;sub00;0x0148C;113;0x71;Operation report 2;1;-18492;-19982;25;3;0;mesh078;0x0029A8;0x028F90;ca09c4ac
room60A0;sub18;0x01470;114;0x72;User registration;1;-12591;-17759;62;6;0;mesh079;0x002F08;0x03B924;cab7b32d
room2100;sub03;0x0140C;119;0x77;Watchman's diary;1;-25216;-25895;91;0;0;mesh080;0x0015F4;0x00E280;64f36fa9
room21B0;sub02;0x026AE;120;0x78;Chief's diary;1;-22270;-21300;200;7;0;mesh081;0x0059F0;0x042590;3909288c
room4090;main00;0x02288;121;0x79;Sewer manager diary;1;-11982;681;183;8;0;mesh082;0x00B55C;0x059340;bfc30e27
room4090;main00;0x022C8;121;0x79;Sewer manager diary;1;-11982;681;183;5;0;mesh083;0x0089C0;0x050F20;61be2721
room4030;sub25;0x02CF8;122;0x7A;Sewer manager fax;1;-21417;-16773;192;10;0;mesh084;0x0060F8;0x059900;722734a1
room60A0;sub18;0x01434;125;0x7D;Lab security manual;1;-7011;-13369;50;8;0;mesh085;0x003840;0x03B924;494cb230
room6030;sub00;0x02DD4;126;0x7E;P-epsilon report;1;-12900;-27200;63;9;1;mesh086;0x008D0C;0x06AE14;6f2c45d4
